0.0309963,0.91664615,0.010467878
0.0310678,0.916203437,0.01054624
0.0311394,0.915758584,0.0106252
0.0312112,0.915311584,0.010704764
0.0312831,0.914862424,0.010784935
0.0313552,0.914411093,0.010865719
0.0314275,0.91395758,0.010947121
0.0315,0.913501873,0.011029145
0.0315726,0.913043958,0.011111796
0.0316453,0.912583827,0.011195079
0.0317183,0.912121465,0.011279
0.0317914,0.911656862,0.011363562
0.0318647,0.911190007,0.011448771
0.0319382,0.910720885,0.011534631
0.0320118,0.910249488,0.011621149
0.0320856,0.9097758,0.011708329
0.0321595,0.909295742,0.01179623
0.0322337,0.908819608,0.011884721
0.032308,0.908337291,0.011973941
0.0323825,0.907854437,0.012063821
0.0324571,0.907368329,0.012154401
0.0325319,0.906881687,0.01224565
0.0326069,0.906390585,0.012337626
0.0326821,0.905899224,0.012430278
0.0327574,0.905404354,0.012523655
0.0328329,0.904904386,0.012617784
0.0329086,0.904406767,0.012712569
0.0329845,0.903904791,0.012808107
0.0330605,0.903399978,0.012904383
0.0331367,0.902894312,0.013001373
0.0332131,0.902386611,0.013099101
0.0332897,0.901871043,0.013197657
0.0333664,0.901353942,0.013296954
0.0334434,0.900839882,0.013396931
0.0335205,0.900321597,0.0134977
0.0335977,0.89979702,0.013599299
0.0336752,0.899274002,0.013701615
0.0337528,0.898747546,0.013804729
0.0338306,0.898215978,0.013908673
0.0339086,0.897682578,0.014013404
0.0339868,0.897149415,0.014118894
0.0340651,0.896612208,0.014225216
0.0341436,0.896068546,0.014332415
0.0342224,0.895524988,0.014440393
0.0343012,0.894979642,0.014549187
0.0343803,0.894437731,0.014658716
0.0344596,0.893889717,0.014769141
0.034539,0.893324862,0.01488065
0.0346186,0.892782277,0.014992597
0.0346984,0.892204759,0.015105948
0.0347784,0.8916338,0.015220013
0.0348586,0.89109498,0.015334356
0.034939,0.890518708,0.015450175
0.0350195,0.889933016,0.015567002
0.0351002,0.889379039,0.01568412
0.0351811,0.888790326,0.015802703
0.0352622,0.888221537,0.015921791
0.0353435,0.887643128,0.016041917
0.035425,0.887044769,0.016163276
0.0355067,0.886451224,0.01628543
0.0355885,0.885870885,0.016408226
0.0356706,0.88527726,0.016532158
0.0357528,0.884678404,0.016657087
0.0358352,0.884091069,0.016782704
0.0359178,0.883459939,0.016910066
0.0360006,0.882874497,0.017037474
0.0360836,0.882263396,0.0171663
0.0361668,0.881661716,0.017295874
0.0362502,0.881027716,0.017427023
0.0363337,0.880430102,0.017558399
0.0364175,0.879801832,0.017691338
0.0365014,0.879187532,0.017824956
0.0365856,0.878531851,0.017960384
0.0366699,0.8779322,0.018095641
0.0367544,0.877265292,0.018233267
0.0368392,0.87665724,0.01837066
0.0369241,0.87601436,0.018509775
0.0370092,0.875367572,0.018649978
0.0370945,0.874727217,0.018791055
0.03718,0.874078409,0.018933331
0.0372658,0.873439616,0.019076414
0.0373517,0.872774017,0.019221116
0.0374378,0.872117184,0.019366667
0.0375241,0.871439972,0.019513723
0.0376106,0.870793832,0.019661139
0.0376973,0.8701092,0.019810488
0.0377842,0.869456056,0.019960192
0.0378713,0.868759429,0.020111976
0.0379586,0.868078502,0.020264488
0.0380461,0.867398487,0.020418075
0.0381338,0.866722239,0.020572676
0.0382217,0.866022649,0.020728944
0.0383098,0.865329122,0.020886189
0.0383981,0.864646386,0.0210443
0.0384866,0.863926915,0.021204443
0.0385754,0.863242466,0.021364873
0.0386643,0.86252664,0.02152723
0.0387534,0.861827622,0.02169033
0.0388427,0.86111748,0.021854878
0.0389323,0.860382442,0.02202124
0.039022,0.859677665,0.022188015
0.039112,0.85893496,0.022356966
0.0392021,0.858223219,0.022526316
0.0392925,0.857472443,0.022697906
0.0393831,0.856749895,0.022869973
0.0394739,0.856009773,0.023043737
0.0395649,0.855251033,0.023219247
0.0396561,0.854491155,0.023396045
0.0397475,0.853757373,0.023573385
0.0398391,0.852998536,0.023752683
0.039931,0.852241329,0.023933213
0.040023,0.851476608,0.024115241
0.0401153,0.850713608,0.024298516
0.0402078,0.849955353,0.024482956
0.0403004,0.849174819,0.024669352
0.0403934,0.848377025,0.02485758
0.0404865,0.847612707,0.025046161
0.0405798,0.846812874,0.025237134
0.0406733,0.846032788,0.025428873
0.0407671,0.845239149,0.025622379
0.0408611,0.844430077,0.025817729
0.0409553,0.843628647,0.02601423
0.0410497,0.842822143,0.02621228
0.0411443,0.842024731,0.026411446
0.0412392,0.841210523,0.026612549
0.0413342,0.840377638,0.026815669
0.0414295,0.839541311,0.027020339
0.041525,0.838716186,0.027226096
0.0416207,0.837896119,0.027433138
0.0417167,0.837046927,0.027642598
0.0418129,0.836209981,0.027853132
0.0419092,0.835378201,0.028064975
0.0420059,0.834520633,0.028279179
0.0421027,0.833661321,0.028494953
0.0421998,0.83279455,0.028712504
0.042297,0.831942505,0.028931075
0.0423945,0.831068946,0.029151933
0.0424923,0.830196597,0.029374302
0.0425902,0.829322261,0.029598302
0.0426884,0.828445123,0.029823973
0.0427868,0.827562282,0.030051432
0.0428854,0.826664402,0.030281034
0.0429843,0.825758023,0.030512561
0.0430834,0.824866449,0.03074516
0.0431827,0.823959044,0.030979978
0.0432823,0.823052084,0.031216421
0.043382,0.82212885,0.031455138
0.043482,0.821215588,0.031695139
0.0435823,0.8202839,0.031937529
0.0436827,0.819356247,0.032181454
0.0437834,0.818429803,0.03242703
0.0438844,0.817473646,0.032675501
0.0439855,0.81654677,0.032924527
0.0440869,0.815583476,0.033176758
0.0441886,0.814641438,0.033429877
0.0442904,0.813671801,0.03368589
0.0443925,0.812708174,0.033943434
0.0444949,0.811746406,0.034202686
0.0445974,0.81076385,0.034464615
0.0447002,0.809790727,0.034727956
0.0448033,0.808801436,0.034993817
0.0449066,0.807808488,0.035261679
0.0450101,0.806923665,0.035526632
0.0451138,0.805821794,0.035803005
0.0452178,0.805295345,0.036055553
0.0453221,0.803881263,0.036349727
0.0454266,0.802916266,0.036625649
0.0455313,0.802137787,0.036894864
0.0456362,0.801141535,0.037175919
0.0457414,0.799793122,0.037475384
0.0458469,0.798930277,0.037754122
0.0459526,0.797586426,0.038057624
0.0460585,0.796601654,0.038346084
0.0461647,0.796004885,0.038617656
0.0462711,0.794615497,0.03892966
0.0463778,0.793610192,0.039224999
0.0464847,0.79231933,0.03953657
0.0465918,0.79158962,0.03982215
0.0466992,0.790050975,0.040150567
0.0468069,0.788939495,0.040459595
0.0469148,0.788448316,0.040738667
0.047023,0.786826101,0.041078301
0.0471313,0.785922276,0.04138273
0.04724,0.784468749,0.041718328
0.0473489,0.783586774,0.042025754
0.047458,0.782285032,0.042357848
0.0475675,0.780873799,0.042698297
0.0476771,0.779693189,0.043028512
0.047787,0.779017832,0.04333287
0.0478972,0.777794667,0.043669757
0.0480076,0.776510643,0.044012422
0.0481183,0.775363647,0.044349653
0.0482292,0.774259134,0.0446867
0.0483404,0.773068074,0.045031022
0.0484518,0.772091999,0.045365044
0.0485635,0.770495451,0.045737987
0.0486754,0.769583547,0.046072728
0.0487876,0.768233215,0.046436024
0.0489001,0.767358292,0.046772877
0.0490128,0.765778384,0.047155146
0.0491258,0.764581022,0.047516485
0.0492391,0.763324441,0.047883947
0.0493526,0.762067443,0.048253923
0.0494664,0.761061565,0.048610351
0.0495804,0.75990371,0.04897879
0.0496947,0.758739471,0.049350042
0.0498092,0.757034468,0.049759227
0.0499241,0.755788803,0.050141039
0.0500391,0.75434481,0.050538667
0.0501545,0.75365528,0.050888097
0.0502701,0.751994148,0.051305638
0.050386,0.750828149,0.051692184
0.0505022,0.749850863,0.05206809
0.0506186,0.748016515,0.052506332
0.0507353,0.746782152,0.05290545
0.0508522,0.745490249,0.053311264
0.0509694,0.743855624,0.053744494
0.0510869,0.74278583,0.054139687
0.0512047,0.741235675,0.054572614
0.0513227,0.739936756,0.054989926
0.0514411,0.73877041,0.055400008
0.0515596,0.73690792,0.055865353
0.0516785,0.735625222,0.056289895
0.0517976,0.734420614,0.056711124
0.051917,0.732979871,0.057153373
0.0520367,0.731456217,0.057605119
0.0521567,0.730188785,0.058039599
0.0522769,0.728755463,0.058490118
0.0523974,0.727190522,0.058954292
0.0525182,0.725578217,0.059425554
0.0526393,0.724012446,0.059896267
0.0527606,0.722822787,0.060338804
0.0528822,0.721080422,0.060830579
0.0530042,0.719461774,0.061315374
0.0531263,0.71819,0.061773684
0.0532488,0.716779694,0.062246817
0.0533716,0.71529563,0.062729447
0.0534946,0.713410114,0.063250811
0.0536179,0.711887423,0.063743584
0.0537415,0.710314171,0.064244182
0.0538654,0.708842648,0.064738843
0.0539896,0.707349628,0.06523867
0.054114,0.705464867,0.065778231
0.0542388,0.704076038,0.066275076
0.0543638,0.70241402,0.066800952
0.0544891,0.70087132,0.067318947
0.0546147,0.69938983,0.067834368
0.0547406,0.697741954,0.068369344
0.0548668,0.695943792,0.06892279
0.0549933,0.694291341,0.069465567
0.0551201,0.692416904,0.070034414
0.0552471,0.690847031,0.070576245
0.0553745,0.689358803,0.071113132
0.0555022,0.687578797,0.071683746
0.0556301,0.685619853,0.072277167
0.0557583,0.683740342,0.072866496
0.0558869,0.682295628,0.073413221
0.0560157,0.680543712,0.0739966
0.0561448,0.678524174,0.074613338
0.0562743,0.676887037,0.075192173
0.056404,0.675100995,0.07579143
0.056534,0.672961052,0.076434929
0.0566643,0.671488107,0.077006837
0.056795,0.669612765,0.077628736
0.0569259,0.667606844,0.078270273
0.0570571,0.665843377,0.078887796
0.0571887,0.664059707,0.079511948
0.0573205,0.662177735,0.08015228
0.0574526,0.660373736,0.080787639
0.0575851,0.658076816,0.081488369
0.0577178,0.65604705,0.082161415
0.0578509,0.653852674,0.082860353
0.0579842,0.652043309,0.083515494
0.0581179,0.649988608,0.084206869
0.0582519,0.648122508,0.084878719
0.0583862,0.645861912,0.08560748
0.0585207,0.64421203,0.086260259
0.0586557,0.641984502,0.086995325
0.0587909,0.639886128,0.087718507
0.0589264,0.63783702,0.088440297
0.0590622,0.635623354,0.089190483
0.0591984,0.633325724,0.089958471
0.0593349,0.631164013,0.090713125
0.0594716,0.629282397,0.091432838
0.0596087,0.626775429,0.092249382
0.0597461,0.624615018,0.093021389
0.0598839,0.62261143,0.093775655
0.0600219,0.620052934,0.094619905
0.0601603,0.618069745,0.095382785
0.060299,0.615697101,0.096211892
0.060438,0.613272596,0.097056121
0.0605773,0.611035498,0.09787754
0.0607169,0.608505142,0.098753115
0.0608569,0.606078295,0.099619589
0.0609972,0.603565148,0.100508082
0.0611378,0.601171023,0.101384726
0.0612787,0.598756572,0.102272807
0.06142,0.596193262,0.103195005
0.0615616,0.593859574,0.104086349
0.0617035,0.591188334,0.105046471
0.0618458,0.588609942,0.106000842
0.0619883,0.586003223,0.106971608
0.0621312,0.583472156,0.107940585
0.0622744,0.580297864,0.109043132
0.062418,0.577883955,0.110018299
0.0625619,0.574897372,0.111118906
0.0627061,0.572084218,0.112205143
0.0628507,0.568950495,0.113375838
0.0629956,0.566347258,0.114464058
0.0631408,0.563053757,0.115718143
0.0632863,0.560289455,0.116893192
0.0634322,0.557552511,0.118093652
0.0635784,0.554126489,0.119477038
0.063725,0.550935713,0.120852187
0.0638719,0.547799994,0.122260926
0.0640191,0.544593747,0.123735678
0.0641667,0.541416986,0.125258937
0.0643146,0.538122931,0.126869876
0.0644629,0.534964588,0.128514346
0.0646115,0.531644974,0.130268311
0.0647605,0.528196153,0.132131141
0.0649097,0.524714613,0.13408514
0.0650594,0.521358615,0.136094227
0.0652094,0.517605462,0.138300071
0.0653597,0.514454982,0.140440559
0.0655103,0.511054036,0.142746023
0.0656614,0.507783139,0.145114749
0.0658127,0.50444122,0.147604424
0.0659644,0.501088205,0.150199073
0.0661165,0.497756598,0.152888503
0.0662689,0.494687638,0.15559483
0.0664217,0.491664143,0.158379413
0.0665748,0.488256041,0.161379403
0.0667283,0.48530185,0.164315602
0.0668821,0.482645934,0.167225152
0.0670363,0.479644336,0.170322524
0.0671908,0.477064064,0.173330245
0.0673457,0.474252622,0.176472254
0.0675009,0.471773532,0.179531524
0.0676566,0.469127462,0.182685058
0.0678125,0.466518498,0.185847139
0.0679688,0.464209722,0.188900914
0.0681255,0.461925179,0.19194471
0.0682826,0.460005434,0.194825417
0.06844,0.457571556,0.197906107
0.0685978,0.455523141,0.200796478
0.0687559,0.453452221,0.203663943
0.0689144,0.450940896,0.206695232
0.0690732,0.449052741,0.209401135
0.0692325,0.446840317,0.21221251
0.0693921,0.44494228,0.214826556
0.069552,0.44298817,0.217416088
0.0697124,0.440483604,0.220228835
0.0698731,0.438573227,0.222697522
0.0700342,0.436205764,0.225351165
0.0701956,0.434013025,0.227871461
0.0703574,0.431717776,0.230404237
0.0705196,0.429376585,0.232924357
0.0706822,0.427285424,0.235273265
0.0708451,0.424775826,0.23782216
0.0710084,0.422321921,0.240316496
0.0711721,0.419920782,0.242760512
0.0713362,0.417191413,0.245380821
0.0715006,0.414626416,0.24789676
0.0716655,0.412083214,0.250394352
0.0718307,0.409353344,0.253005862
0.0719963,0.406603553,0.255636346
0.0721622,0.403737688,0.258351916
0.0723286,0.401112006,0.260928383
0.0724953,0.398060634,0.263802219
0.0726624,0.395321583,0.266494261
0.0728299,0.392293637,0.269409353
0.0729978,0.389197757,0.272407022
0.0731661,0.386408741,0.275225948
0.0733348,0.383336093,0.278285585
0.0735038,0.380363451,0.281316488
0.0736733,0.37734042,0.284430579
0.0738431,0.374148579,0.287723691
0.0740133,0.37110274,0.290959277
0.0741839,0.368000001,0.294295467
0.0743549,0.364779551,0.297787142
0.0745264,0.361862324,0.301092242
0.0746982,0.35845134,0.304875151
0.0748704,0.355426737,0.308400773
0.0750429,0.352385815,0.312007896
0.0752159,0.349239016,0.315780933
0.0753893,0.345977725,0.319736643
0.0755631,0.343003238,0.323506092
0.0757373,0.339842248,0.327531222
0.0759119,0.336761891,0.331563571
0.0760869,0.333780051,0.335583343
0.0762623,0.330595399,0.339897094
0.0764381,0.327729974,0.343973681
0.0766143,0.324732999,0.348278736
0.0767909,0.321676399,0.352746257
0.0769679,0.31880972,0.357105011
0.0771454,0.315976017,0.361525108
0.0773232,0.313034682,0.366172792
0.0775015,0.310248207,0.370747157
0.0776801,0.307396943,0.375509291
0.0778592,0.304662197,0.380243111
0.0780387,0.301988187,0.385015652
0.0782186,0.299240508,0.390002482
0.0783989,0.296569307,0.395015683
0.0785796,0.294121838,0.399854419
0.0787608,0.291437797,0.405144836
0.0789423,0.289085106,0.41010819
0.0791243,0.286758536,0.415163657
0.0793067,0.284354738,0.420467901
0.0794895,0.282033988,0.42579257
0.0796728,0.279902264,0.430973186
0.0798564,0.27764117,0.436498749
0.0800405,0.275648049,0.44175058
0.080225,0.273614055,0.447214001
0.08041,0.271580696,0.452829186
0.0805953,0.269814652,0.458148053
0.0807811,0.268023144,0.463656126
0.0809673,0.266282027,0.469225937
0.081154,0.264684889,0.474687915
0.0813411,0.263032527,0.480394389
0.0815286,0.261582458,0.485873949
0.0817165,0.26023748,0.491292035
0.0819049,0.258807157,0.497004593
0.0820937,0.257513805,0.502585566
0.082283,0.256279277,0.508176206
0.0824726,0.255090306,0.513796558
0.0826628,0.254030992,0.519268995
0.0828533,0.252946192,0.524901969
0.0830443,0.252003915,0.530342553
0.0832357,0.251137729,0.535718309
0.0834276,0.250242529,0.541248457
0.0836199,0.249378244,0.546802953
0.0838127,0.24863058,0.552187516
0.0840059,0.247903522,0.557606884
0.0841996,0.247197407,0.563057059
0.0843937,0.246502633,0.568556485
0.0845882,0.245973226,0.573742074
0.0847832,0.245406117,0.579075935
0.0849787,0.244848185,0.584444293
0.0851746,0.244360535,0.589692573
0.0853709,0.243907897,0.594893357
0.0855677,0.243479631,0.600060709
0.085765,0.243058636,0.605224462
0.0859627,0.242648271,0.610363547
0.0861608,0.242252112,0.615455165
0.0863595,0.241856285,0.620520539
0.0865585,0.241508328,0.62542334
0.0867581,0.241091759,0.630452095
0.0869581,0.24067407,0.635422482
0.0871585,0.240251526,0.640334959
0.0873594,0.239811384,0.645216711
0.0875608,0.239313633,0.650172724
0.0877627,0.238812034,0.655057601
0.087965,0.238295646,0.659902209
0.0881678,0.237769856,0.664695587
0.088371,0.237148905,0.669686065
0.0885747,0.236576612,0.674479309
0.0887789,0.235884932,0.679565175
0.0889836,0.235251883,0.684448027
0.0891887,0.234573544,0.68944181
0.0893943,0.233864479,0.69452246
0.0896004,0.233150886,0.699630602
0.0898069,0.232462811,0.704693042
0.090014,0.231757539,0.709856518
0.0902215,0.231051283,0.71509137
0.0904294,0.230322481,0.720484392
0.0906379,0.229668026,0.725750937
0.0908469,0.22902208,0.731113125
0.0910563,0.228376067,0.736616458
0.0912662,0.227786775,0.742093856
0.0914766,0.227236429,0.747615161
0.0916874,0.226714569,0.753226955
0.0918988,0.226260105,0.758810105
0.0921107,0.225817082,0.764560085
0.092323,0.225448306,0.7702719
0.0925358,0.225152017,0.775953544
0.0927491,0.224881035,0.781769397
0.0929629,0.224703505,0.787483366
0.0931772,0.224558721,0.793305081
0.093392,0.224490269,0.799078079
0.0936073,0.224462626,0.804923388
0.0938231,0.224484106,0.810806102
0.0940394,0.224595396,0.816571518
0.0942562,0.224738107,0.822422619
0.0944735,0.224935324,0.828267024
0.0946913,0.225171447,0.834152837
0.0949095,0.225490337,0.839907452
0.0951283,0.225830939,0.845747248
0.0953476,0.226233958,0.851510197
0.0955674,0.226656144,0.85734862
0.0957877,0.22714231,0.863083347
0.0960085,0.227674845,0.868770485
0.0962299,0.22822262,0.874519375
0.0964517,0.228799828,0.880267222
0.096674,0.229418294,0.885959824
0.0968969,0.230069136,0.891622958
0.0971203,0.230770783,0.897177171
0.0973442,0.231450316,0.902898893
0.0975686,0.232190345,0.908460086
0.0977935,0.23294656,0.914027337
0.0980189,0.233699821,0.919670751
0.0982449,0.234485479,0.925246737
0.0984713,0.235294488,0.93078635
0.0986983,0.236105904,0.936368711
0.0989259,0.236957955,0.941839009
0.0991539,0.237788837,0.947440038
0.0993825,0.238666424,0.952899468
0.0996116,0.23953514,0.958437011
0.0998412,0.240435013,0.963891342
0.100071,0.241340472,0.969363774
0.100302,0.242243606,0.974885703
0.100533,0.243171098,0.980349645
0.100765,0.244108213,0.985814933
0.100997,0.245052195,0.991293177
0.10123,0.246010602,0.996754547
0.101464,0.246977223,1.002225163
0.101697,0.247951053,1.00771037
0.101932,0.248953201,1.013125759
0.102167,0.249945831,1.018626861
0.102402,0.250971761,1.024041095
0.102638,0.251987061,1.029549545
0.102875,0.253030413,1.034996399
0.103112,0.254073518,1.040499513
0.10335,0.255135601,1.045982521
0.103588,0.256210828,1.051471652
0.103827,0.257300509,1.056963957
0.104066,0.258409239,1.062443024
0.104306,0.259509065,1.068026379
0.104547,0.260652837,1.073499174
0.104788,0.261795834,1.079048093
0.105029,0.262965969,1.084560842
0.105271,0.264149144,1.090098253
0.105514,0.265345904,1.095660906
0.105757,0.266565959,1.101211608
0.106001,0.267796761,1.106805171
0.106245,0.269050608,1.112393901
0.10649,0.270315957,1.118028775
0.106736,0.271614745,1.123622515
0.106982,0.272926323,1.129264179
0.107228,0.274267962,1.13488622
0.107476,0.275619923,1.140574517
0.107723,0.277011037,1.146214309
0.107972,0.278412555,1.151929479
0.108221,0.279851427,1.15761387
0.10847,0.281313585,1.163331523
0.10872,0.282805613,1.169061558
0.108971,0.284324876,1.174821792
0.109222,0.285877822,1.180593119
0.109474,0.287461186,1.186397228
0.109726,0.289089485,1.192183116
0.109979,0.290747135,1.198024707
0.110233,0.292441303,1.20390279
0.110487,0.294183044,1.209782988
0.110741,0.29598167,1.215639039
0.110997,0.297818171,1.221561789
0.111253,0.299708671,1.227498445
0.111509,0.301658571,1.233441079
0.111766,0.30366588,1.239412648
0.112024,0.305734823,1.245411157
0.112282,0.307869615,1.251435076
0.112541,0.310087225,1.257431374
0.1128,0.31237257,1.263477199
0.11306,0.314744519,1.269511667
0.113321,0.31720811,1.275529577
0.113582,0.319757526,1.281568302
0.113844,0.322401295,1.287605943
0.114106,0.325163038,1.293558841
0.114369,0.328010272,1.29956439
0.114633,0.330968512,1.305525695
0.114897,0.33403381,1.311459323
0.115162,0.337218559,1.317313117
0.115428,0.34051829,1.323096255
0.115694,0.34392677,1.328818646
0.11596,0.347455399,1.334415726
0.116228,0.351074166,1.339975501
0.116496,0.354806682,1.34537295
0.116764,0.358632717,1.350643704
0.117033,0.362535502,1.355801719
0.117303,0.366515885,1.360787443
0.117574,0.370551448,1.365621461
0.117845,0.374633113,1.370268271
0.118116,0.37873714,1.374740853
0.118389,0.382850583,1.379008317
0.118662,0.386950032,1.383075025
0.118935,0.39100035,1.386985513
0.119209,0.394997541,1.390674121
0.119484,0.398911509,1.394171481
0.119759,0.402718568,1.397490676
0.120036,0.406390142,1.400669417
0.120312,0.409921534,1.403673238
0.12059,0.413284015,1.406563053
0.120868,0.416467488,1.409349626
0.121146,0.419466863,1.412041987
0.121425,0.422264827,1.414705355
0.121705,0.424877035,1.41730843
0.121986,0.427293111,1.419919895
0.122267,0.429529266,1.422529889
0.122549,0.431582236,1.425200638
0.122832,0.43347195,1.427921898
0.123115,0.435214368,1.430698361
0.123398,0.436815061,1.43356818
0.123683,0.438296684,1.436511038
0.123968,0.439666875,1.43955278
0.124254,0.440935361,1.44270905
0.12454,0.442120183,1.445965392
0.124827,0.44322758,1.449343783
0.125115,0.444281729,1.452806092
0.125404,0.445279398,1.456402958
0.125693,0.446235705,1.460124448
0.125982,0.447172348,1.463938399
0.126273,0.448085192,1.467896101
0.126564,0.449001585,1.471943978
0.126856,0.449919794,1.476121093
0.127148,0.450859827,1.480391797
0.127441,0.451824514,1.484772614
0.127735,0.452827787,1.489238904
0.128029,0.453877916,1.493779562
0.128325,0.454971707,1.498416121
0.12862,0.456122104,1.50311205
0.128917,0.457329148,1.507868677
0.129214,0.458600979,1.512656508
0.129512,0.459925818,1.517508185
0.129811,0.461314987,1.522377251
0.13011,0.462752447,1.527305241
0.13041,0.464259062,1.532210262
0.13071,0.465810111,1.537159797
0.131012,0.46741339,1.542113471
0.131314,0.469068594,1.547057556
0.131616,0.470759621,1.552030723
0.13192,0.472500515,1.556972832
0.132224,0.474271142,1.561937245
0.132529,0.476084001,1.566870808
0.132834,0.477921039,1.571822094
0.13314,0.479788397,1.576761196
0.133447,0.481685389,1.581681885
0.133755,0.483600088,1.586615991
0.134063,0.48553599,1.591545747
0.134372,0.487497911,1.596450102
0.134682,0.489481808,1.601337927
0.134993,0.491475133,1.606246564
0.135304,0.493490687,1.611130969
0.135616,0.495521787,1.616010181
0.135928,0.497568897,1.620880009
0.136242,0.499632027,1.625737677
0.136556,0.501708548,1.630588688
0.136871,0.503795111,1.63544031
0.137186,0.505899494,1.640262918
0.137502,0.508015333,1.645071812
0.137819,0.510140421,1.649867575
0.138137,0.512272295,1.654650221
0.138455,0.514409615,1.659414638
0.138775,0.516554687,1.664142418
0.139094,0.518697387,1.668853673
0.139415,0.52083423,1.673545609
0.139737,0.522963111,1.678209731
0.140059,0.525076286,1.682854679
0.140382,0.527176122,1.687456098
0.140705,0.529245291,1.692052636
0.141029,0.531284389,1.696626025
0.141355,0.533290044,1.70117192
0.14168,0.535249117,1.705718992
0.142007,0.537161238,1.710257771
0.142334,0.539027633,1.71477707
0.142663,0.540830387,1.719330563
0.142991,0.542581334,1.723881807
0.143321,0.544269921,1.72847053
0.143651,0.545904727,1.733080891
0.143983,0.547482524,1.737739882
0.144314,0.549009047,1.742451238
0.144647,0.550487833,1.747230546
0.144981,0.551923926,1.752092976
0.145315,0.553331884,1.757027114
0.14565,0.554717645,1.762051661
0.145986,0.556096629,1.767156938
0.146322,0.557479456,1.772349156
0.146659,0.558872796,1.777646607
0.146997,0.560290212,1.783044082
0.147336,0.561745088,1.788534274
0.147676,0.563257905,1.794083637
0.148016,0.564822424,1.79973927
0.148358,0.566464001,1.805442513
0.1487,0.568179332,1.811220384
0.149042,0.569979083,1.817049432
0.149386,0.571876742,1.822891087
0.14973,0.573858446,1.828787833
0.150076,0.575940466,1.83468012
0.150421,0.578117244,1.84057222
0.150768,0.580382403,1.846465572
0.151116,0.58274392,1.852310912
0.151464,0.585186134,1.858129601
0.151813,0.587701228,1.863913855
0.152163,0.590291012,1.869621726
0.152514,0.592939634,1.875264125
0.152866,0.595634101,1.880840127
0.153218,0.598368309,1.886324851
0.153571,0.601127233,1.891719901
0.153925,0.603897197,1.897021451
0.15428,0.606663683,1.902227705
0.154636,0.609414014,1.907331128
0.154992,0.612129791,1.912342789
0.15535,0.614795441,1.917266255
0.155708,0.617399298,1.922095088
0.156067,0.61992428,1.926842706
0.156426,0.622355728,1.931518747
0.156787,0.62468103,1.936131102
0.157148,0.6268884,1.940690533
0.157511,0.628964175,1.945219789
0.157874,0.630901578,1.949727139
0.158238,0.632693209,1.954230202
0.158602,0.634336116,1.958740667
0.158968,0.635821104,1.963297548
0.159335,0.637154029,1.967901463
0.159702,0.638333514,1.97258328
0.16007,0.639365604,1.977358474
0.160439,0.640256639,1.98224853
0.160809,0.641017671,1.987266485
0.16118,0.64166598,1.992411158
0.161551,0.642204645,1.997729461
0.161923,0.64265314,2.003220241
0.162297,0.643030316,2.008885713
0.162671,0.643347969,2.014750338
0.163046,0.643630887,2.020796926
0.163422,0.643891112,2.027046023
0.163798,0.644149273,2.033488097
0.164176,0.644419933,2.04012874
0.164555,0.644716731,2.04696858
0.164934,0.645057562,2.053984695
0.165314,0.645449837,2.061190696
0.165695,0.64590714,2.068576271
0.166077,0.64643882,2.076140294
0.16646,0.647057761,2.08386651
0.166844,0.647774163,2.09174417
0.167228,0.64859015,2.099786356
0.167614,0.649519451,2.10796725
0.168,0.650564809,2.116295859
0.168388,0.651735554,2.124759726
0.168776,0.653039525,2.133351456
0.169165,0.654483714,2.142066732
0.169555,0.6560764,2.150897146
0.169946,0.657826991,2.159830107
0.170337,0.659741757,2.168861961
0.17073,0.661828763,2.177980691
0.171124,0.66409587,2.187171078
0.171518,0.666549853,2.196416157
0.171913,0.669189957,2.205717037
0.17231,0.672026312,2.215030899
0.172707,0.675052372,2.22436081
0.173105,0.678271012,2.233669065
0.173504,0.681669163,2.242960565
0.173904,0.685242665,2.252201267
0.174305,0.688977222,2.261381734
0.174707,0.692859496,2.270481966
0.17511,0.696868811,2.279500353
0.175513,0.700990945,2.288410588
0.175918,0.705199342,2.297225368
0.176323,0.709475077,2.30593347
0.17673,0.713791574,2.314551891
0.177137,0.718133524,2.323066585
0.177546,0.722478033,2.331495993
0.177955,0.726800092,2.339875643
0.178365,0.731091718,2.348200039
0.178776,0.73533482,2.356515201
0.179188,0.739526474,2.364844666
0.179601,0.743669234,2.373230001
0.180015,0.747780934,2.381708727
0.18043,0.751893169,2.390324288
0.180846,0.756059506,2.399094804
0.181263,0.760344162,2.408028618
0.181681,0.764815482,2.417108194
0.1821,0.769533271,2.426283745
0.18252,0.774536191,2.435470711
0.182941,0.779822801,2.444587448
0.183362,0.785359087,2.453540945
0.183785,0.791074522,2.462279705
0.184209,0.796886199,2.470776952
0.184633,0.802714486,2.479039268
0.185059,0.808495615,2.487105704
0.185485,0.814191985,2.495026753
0.185913,0.819787415,2.502865309
0.186342,0.825290347,2.51065939
0.186771,0.830716729,2.518445168
0.187202,0.836087517,2.526241944
0.187633,0.841421817,2.534060375
0.188066,0.846738501,2.541893871
0.188499,0.852042553,2.549761398
0.188934,0.857345825,2.557649175
0.189369,0.862656287,2.565547244
0.189806,0.86797025,2.573475681
0.190244,0.873294549,2.581420683
0.190682,0.878631123,2.589381724
0.191122,0.883980775,2.597360987
0.191562,0.889345298,2.605357388
0.192004,0.894724542,2.613375348
0.192446,0.900120968,2.621411536
0.19289,0.90553312,2.629473949
0.193335,0.910965194,2.637554077
0.19378,0.916419106,2.645650046
0.194227,0.921891484,2.653775192
0.194675,0.927384776,2.661925954
0.195124,0.932902976,2.670094362
0.195573,0.938443975,2.67828992
0.196024,0.944009974,2.686509732
0.196476,0.949599674,2.694760843
0.196929,0.955217371,2.70303435
0.197383,0.960861625,2.711337612
0.197838,0.966534198,2.719668878
0.198294,0.97223754,2.72802445
0.198751,0.977968622,2.736415978
0.199209,0.983732709,2.74483183
0.199669,0.989529059,2.753277186
0.200129,0.995358455,2.761752933
0.20059,1.001220576,2.770262977
0.201053,1.007117008,2.778805923
0.201516,1.013049599,2.787379654
0.201981,1.019019055,2.795985226
0.202446,1.025025075,2.804626426
0.202913,1.031069443,2.813301334
0.203381,1.0371532,2.82201009
0.20385,1.043276456,2.830755375
0.20432,1.049440216,2.839537456
0.204791,1.055646129,2.848354901
0.205263,1.06189442,2.857210171
0.205736,1.068187275,2.866100495
0.20621,1.074522948,2.875033732
0.206685,1.080904623,2.884004579
0.207162,1.087331964,2.893017263
0.207639,1.093805067,2.902074941
0.208118,1.10032731,2.911172198
0.208598,1.106897631,2.920315589
0.209079,1.113518301,2.929503047
0.209561,1.120189057,2.938739481
0.210044,1.126912354,2.948022991
0.210528,1.133688603,2.957357511
0.211013,1.140518522,2.966746724
0.2115,1.147404821,2.976189887
0.211987,1.154347152,2.985695147
0.212476,1.161348413,2.995263434
0.212966,1.168412843,3.004893787
0.213457,1.175539897,3.014599475
0.213949,1.182735461,3.024379568
0.214442,1.19000307,3.034242069
0.214936,1.197349473,3.044190205
0.215432,1.204779215,3.05423685
0.215928,1.212304846,3.064379229
0.216426,1.21993182,3.074637805
0.216925,1.227677792,3.085008
0.217425,1.235555937,3.095502735
0.217926,1.243585004,3.106127268
0.218429,1.251788741,3.116880602
0.218932,1.260189306,3.127771437
0.219437,1.26881666,3.138793768
0.219943,1.277703301,3.149938561
0.22045,1.286879385,3.161203595
0.220958,1.296384084,3.172562694
0.221467,1.306252498,3.18399457
0.221978,1.316521779,3.195463776
0.22249,1.327224977,3.206931302
0.223003,1.338393358,3.218344166
0.223517,1.350049681,3.229646868
0.224032,1.362212694,3.240765923
0.224548,1.374888926,3.251625463
0.225066,1.388071362,3.262146864
0.225585,1.401740781,3.272243268
0.226105,1.41586426,3.281822237
0.226626,1.430387095,3.290805049
0.227149,1.445243261,3.299104543
0.227672,1.460346249,3.306650194
0.228197,1.475598267,3.31337256
0.228723,1.49088331,3.319226007
0.22925,1.506073888,3.324181584
0.229779,1.521037804,3.328221233
0.230308,1.535630686,3.33136395
0.230839,1.549715516,3.333632838
0.231372,1.56315031,3.335091642
0.231905,1.575803782,3.335819666
0.232439,1.587558911,3.335912275
0.232975,1.598307193,3.335499384
0.233512,1.607966483,3.334712511
0.234051,1.616470009,3.333710527
0.23459,1.623783086,3.332645506
0.235131,1.629888157,3.331692044
0.235673,1.634798561,3.331015129
0.236216,1.638554387,3.33077305
0.236761,1.641216856,3.331121381
0.237307,1.642871092,3.33219846
0.237854,1.643619468,3.33412906
0.238402,1.643582438,3.337012281
0.238952,1.6428892,3.340930028
0.239502,1.641675875,3.345940652
0.240055,1.640080503,3.352079961
0.240608,1.638240209,3.359359092
0.241163,1.636284879,3.367771078
0.241718,1.634335284,3.377290168
0.242276,1.632501688,3.387871947
0.242834,1.630876891,3.399466837
0.243394,1.629544386,3.412003947
0.243955,1.628565143,3.425420849
0.244517,1.627988163,3.439645045
0.245081,1.627848294,3.454602785
0.245646,1.628165418,3.470225696
0.246212,1.628948427,3.486447535
0.24678,1.630193882,3.503212255
0.247349,1.631891875,3.520466486
0.247919,1.634022041,3.538172773
0.248491,1.636563889,3.556291511
0.249063,1.63948928,3.574800886
0.249638,1.642768798,3.593686337
0.250213,1.646375384,3.612935265
0.25079,1.650279059,3.632550849
0.251368,1.654451512,3.65254394
0.251947,1.658868926,3.672928444
0.252528,1.663508331,3.69373074
0.25311,1.66835385,3.714977128
0.253694,1.673392436,3.736704417
0.254279,1.67861595,3.758956493
0.254865,1.684024691,3.781777554
0.255452,1.689623258,3.805222526
0.256041,1.695426785,3.829344246
0.256631,1.701457486,3.854202377
0.257223,1.707746968,3.879859301
0.257816,1.714336624,3.906380209
0.25841,1.721281711,3.933824558
0.259006,1.728644916,3.962261111
0.259603,1.736506213,3.991745349
0.260202,1.744954967,4.022336787
0.260801,1.754095063,4.054085701
0.261403,1.764044501,4.087031539
0.262005,1.774932228,4.121206718
0.262609,1.786899723,4.156628294
0.263215,1.800099166,4.193296388
0.263821,1.814689335,4.231196836
0.264429,1.830839082,4.270285248
0.265039,1.84871421,4.310509009
0.26565,1.868484086,4.351782803
0.266262,1.890313943,4.393997293
0.266876,1.914358463,4.43702498
0.267491,1.940763073,4.48070851
0.268108,1.969654787,4.524874039
0.268726,2.001141949,4.569324905
0.269346,2.035310757,4.613844052
0.269967,2.07221714,4.658208294
0.270589,2.111890199,4.70217778
0.271213,2.154325426,4.745510372
0.271838,2.199484924,4.78796205
0.272464,2.247294543,4.829296377
0.273093,2.297643594,4.869290787
0.273722,2.350386419,4.907742275
0.274353,2.405344905,4.944475453
0.274986,2.462309937,4.979358133
0.275619,2.521051366,5.012305933
0.276255,2.581329226,5.04329251
0.276892,2.642905423,5.072366769
0.27753,2.705573473,5.099642039
0.27817,2.769174303,5.125316571
0.278811,2.833637347,5.149643973
0.279454,2.899003406,5.172927844
0.280098,2.965458362,5.195474379
0.280744,3.033347434,5.217546838
0.281391,3.103176511,5.239298988
0.282039,3.175584366,5.260710979
0.28269,3.251288366,5.281526371
0.283341,3.33100542,5.301202404
0.283994,3.41534612,5.318901285
0.284649,3.504706772,5.33351277
0.285305,3.599166203,5.343727357
0.285963,3.69841549,5.348138245
0.286622,3.801724928,5.345374288
0.287283,3.907959254,5.334239863
0.287945,4.015647049,5.313833203
0.288609,4.123079638,5.283648911
0.289274,4.228443218,5.243628046
0.289941,4.329955469,5.194167359
0.29061,4.425994023,5.136083591
0.291279,4.515205047,5.070537587
0.291951,4.596574411,4.998938533
0.292624,4.66946882,4.922827497
0.293299,4.733631522,4.843771301
0.293975,4.78915478,4.763258986
0.294652,4.836418819,4.682629014
0.295332,4.876024976,4.603013165
0.296012,4.908718528,4.5253129
0.296695,4.935318496,4.450196862
0.297379,4.956653777,4.378121197
0.298064,4.97352155,4.309355199
0.298751,4.986652974,4.244020473
0.29944,4.996699595,4.18212495
0.30013,5.004222547,4.123601039
0.300822,5.009704518,4.068325879
0.301516,5.013547775,4.016150946
0.302211,5.016092405,3.966910611
0.302907,5.017621039,3.920436794
0.303606,5.018374247,3.87656035
0.304306,5.018554344,3.835117727
0.305007,5.018331903,3.795952361
0.30571,5.017852803,3.75891361
0.306415,5.017243151,3.723855969
0.307121,5.016609111,3.690641257
0.307829,5.01603924,3.65913834
0.308539,5.015610797,3.629219746
0.30925,5.015385559,3.600765818
0.309963,5.015414072,3.573662579
0.310678,5.015736297,3.547802192
0.311394,5.016385461,3.523081099
0.312112,5.017381939,3.499405144
0.312831,5.018741361,3.476684584
0.313552,5.020473069,3.454835876
0.314275,5.022578254,3.433783548
0.315,5.025056733,3.413456072
0.315726,5.027901603,3.393789986
0.316453,5.03110276,3.374727856
0.317183,5.034649557,3.356216799
0.317914,5.038526712,3.338211458
0.318647,5.042718925,3.320671068
0.319382,5.047208924,3.303560841
0.320118,5.051981801,3.286849156
0.320856,5.057018538,3.270511767
0.321595,5.062303762,3.254526663
0.322337,5.067822639,3.238876004
0.32308,5.073558263,3.223547627
0.323825,5.079499024,3.208530171
0.324571,5.085631652,3.193817346
0.325319,5.09194487,3.179405412
0.326069,5.098431375,3.165291784
0.326821,5.105082497,3.151478217
0.327574,5.111894093,3.137966985
0.328329,5.118861651,3.124763809
0.329086,5.125984112,3.11187541
0.329845,5.133262711,3.099310173
0.330605,5.140698728,3.087079475
0.331367,5.148298781,3.075194478
0.332131,5.156070497,3.063668743
0.332897,5.164023672,3.052517542
0.333664,5.172173097,3.041756173
0.334434,5.180533872,3.031402713
0.335205,5.189127021,3.021474649
0.335977,5.197976264,3.011990681
0.336752,5.207107728,3.002970714
0.337528,5.216554507,2.994433023
0.338306,5.226351071,2.986397242
0.339086,5.236537329,2.97888178
0.339868,5.247156862,2.971904644
0.340651,5.258256756,2.965483451
0.341436,5.269889421,2.959634548
0.342224,5.282108629,2.954375728
0.343012,5.29497481,2.949724193
0.343803,5.308551361,2.945700137
0.344596,5.32290841,2.942326794
0.34539,5.338125201,2.939631879
0.346186,5.354292312,2.93764955
0.346984,5.371517936,2.936420178
0.347784,5.389932979,2.935990172
0.348586,5.409700843,2.936407735
0.34939,5.431022518,2.937718475
0.350195,5.454148309,2.939953406
0.351002,5.479382483,2.943115509
0.351811,5.507087286,2.94716038
0.352622,5.537678615,2.951974821
0.353435,5.571616354,2.957352352
0.35425,5.60938687,2.962968862
0.355067,5.651474714,2.968362929
0.355885,5.698326735,2.972923099
0.356706,5.750307922,2.975886785
0.357528,5.807658868,2.976349658
0.358352,5.87045299,2.973289456
0.359178,5.938561358,2.965601466
0.360006,6.011622447,2.95214645
0.360836,6.089031263,2.931801613
0.361668,6.169935238,2.903517857
0.362502,6.253248024,2.866374364
0.363337,6.337670846,2.819632375
0.364175,6.421730118,2.762781416
0.365014,6.503820538,2.695580743
0.365856,6.582259188,2.618091212
0.366699,6.655350472,2.530695408
0.367544,6.721450435,2.434107587
0.368392,6.779041257,2.329365578
0.369241,6.826805405,2.217805574
0.370092,6.863691533,2.101019697
0.370945,6.888973048,1.980794488
0.3718,6.902293611,1.859033173
0.372658,6.903684535,1.737668988
0.373517,6.893566189,1.618571196
0.374378,6.872720193,1.503454696
0.375241,6.842239046,1.393799381
0.376106,6.8034517,1.290787503
0.376973,6.757842992,1.195262164
0.377842,6.706960046,1.10771332
0.378713,6.65232068,1.028290039
0.379586,6.595337864,0.956835595
0.380461,6.537256368,0.892941976
0.381338,6.47911324,0.836015457
0.382217,6.421716333,0.785346426
0.383098,6.365651655,0.740174451
0.383981,6.311300124,0.699744806
0.384866,6.258867064,0.663351523
0.385754,6.208422732,0.630365318
0.386643,6.159939527,0.600248192
0.387534,6.113325633,0.572556496
0.388427,6.068453258,0.546935418
0.389323,6.025183643,0.523107786
0.39022,5.983379565,0.500860848
0.39112,5.942917774,0.480032135
0.392021,5.90368966,0.460497004
0.392925,5.865606186,0.442157444
0.393831,5.828597984,0.424933339
0.394739,5.792606143,0.408756489
0.395649,5.757585726,0.393565533
0.396561,5.723503698,0.379302905
0.397475,5.690330427,0.365913421
0.398391,5.658043069,0.353342953
0.39931,5.62661864,0.341538406
0.40023,5.596037536,0.330447425
0.401153,5.566280069,0.320018792
0.402078,5.537325745,0.310202755
0.403004,5.509153717,0.300951336
0.403934,5.481742537,0.292218666
0.404865,5.455068862,0.283961333
0.405798,5.429108588,0.27613854
0.406733,5.403837401,0.268712233
0.407671,5.379230935,0.261647188
0.408611,5.355261759,0.25491119
0.409553,5.331907819,0.248474608
0.410497,5.309140057,0.242310918
0.411443,5.286936349,0.236395949
0.412392,5.265269154,0.230708322
0.413342,5.244116724,0.225228793
0.414295,5.223454545,0.219940469
0.41525,5.203261014,0.214828386
0.416207,5.18351458,0.209879453
0.417167,5.164194502,0.205082245
0.418129,5.14528088,0.200426826
0.419092,5.126756092,0.195904529
0.420059,5.108603247,0.191507859
0.421027,5.090804584,0.187230411
0.421998,5.073346233,0.183066548
0.42297,5.056213228,0.17901147
0.423945,5.03939207,0.175061003
0.424923,5.022870706,0.171211501
0.425902,5.006637659,0.167459792
0.426884,4.99068245,0.163803078
0.427868,4.974994639,0.160238903
0.428854,4.959564342,0.156765073
0.429843,4.944384049,0.153379546
0.430834,4.929444093,0.150080536
0.431827,4.914739342,0.14686626
0.432823,4.900260037,0.143735196
0.43382,4.88600213,0.140685738
0.43482,4.871958521,0.137716437
0.435823,4.85812306,0.134825867
0.436827,4.844491957,0.132012573
0.437834,4.831058849,0.129275191
0.438844,4.817818948,0.12661233
0.439855,4.80476871,0.124022574
0.440869,4.791903035,0.121504551
0.441886,4.779219007,0.119056829
0.442904,4.766712314,0.116678011
0.443925,4.754379038,0.11436668
0.444949,4.742216828,0.11212138
0.445974,4.73022141,0.109940691
0.447002,4.718390042,0.107823153
0.448033,4.706720285,0.105767291
0.449066,4.695208399,0.103771659
0.450101,4.683851833,0.101834779
0.451138,4.672648686,0.099955158
0.452178,4.661595621,0.098131335
0.453221,4.650690899,0.096361817
0.454266,4.639931108,0.094645149
0.455313,4.629314318,0.09297985
0.456362,4.61883896,0.09136444
0.457414,4.608501009,0.089797498
0.458469,4.598300094,0.088277538
0.459526,4.588233504,0.086803134
0.460585,4.578299167,0.085372862
0.461647,4.56849428,0.083985326
0.462711,4.558817909,0.08263911
0.463778,4.549266825,0.081332862
0.464847,4.539839985,0.080065206
0.465918,4.530536046,0.078834794
0.466992,4.521351562,0.077640337
0.468069,4.512285988,0.076480518
0.469148,4.503336348,0.075354083
0.47023,4.494502244,0.074259764
0.471313,4.485780429,0.073196361
0.4724,4.477169694,0.072162672
0.473489,4.468668298,0.071157525
0.47458,4.460273949,0.07017979
0.475675,4.451986227,0.069228331
0.476771,4.443801888,0.068302089
0.47787,4.435720419,0.067399989
0.478972,4.427739781,0.066521012
0.480076,4.419858035,0.065664163
0.481183,4.412074007,0.06482847
0.482292,4.40438478,0.064013016
0.483404,4.396790732,0.063216863
0.484518,4.389289203,0.062439152
0.485635,4.381878814,0.061679034
0.486754,4.374556869,0.060935709
0.487876,4.367323562,0.060208366
0.489001,4.360176956,0.059496255
0.490128,4.353114781,0.058798661
0.491258,4.346136518,0.058114873
0.492391,4.339239073,0.057444244
0.493526,4.332422952,0.056786109
0.494664,4.325686054,0.056139866
0.495804,4.319027139,0.05550493
0.496947,4.312443953,0.054880754
0.498092,4.305936218,0.054266798
0.499241,4.29950216,0.053662561
0.500391,4.29313974,0.053067577
0.501545,4.286848722,0.05248138
0.502701,4.280626963,0.051903552
0.50386,4.274473578,0.051333685
0.505022,4.268388298,0.050771386
0.506186,4.262368475,0.050216313
0.507353,4.256413485,0.049668124
0.508522,4.250522823,0.049126495
0.509694,4.244692922,0.048591159
0.510869,4.23892615,0.048061798
0.512047,4.233218805,0.047538187
0.513227,4.227570583,0.047020077
0.514411,4.221980925,0.046507241
0.515596,4.216448381,0.045999478
0.516785,4.210971921,0.045496601
0.517976,4.205549554,0.044998445
0.51917,4.200182385,0.044504829
0.520367,4.194867753,0.044015625
0.521567,4.189605252,0.043530695
0.522769,4.184394962,0.043049908
0.523974,4.179233957,0.042573176
0.525182,4.174123437,0.042100381
0.526393,4.1690611,0.041631449
0.527606,4.164046127,0.041166302
0.528822,4.159078913,0.04070486
0.530042,4.1541579,0.04024707
0.531263,4.14928277,0.039792874
0.532488,4.144451324,0.039342242
0.533716,4.139663991,0.038895123
0.534946,4.13492091,0.038451478
0.536179,4.130220102,0.038011293
0.537415,4.125561076,0.037574543
0.538654,4.12094358,0.037141208
0.539896,4.116366715,0.036711279
0.54114,4.111829787,0.036284749
0.542388,4.107332563,0.035861608
0.543638,4.102873716,0.035441861
0.544891,4.098453254,0.035025505
0.546147,4.094070681,0.034612542
0.547406,4.089725119,0.03420298
0.548668,4.085416234,0.033796826
0.549933,4.081143103,0.033394091
0.551201,4.076905994,0.032994779
0.552471,4.072703702,0.032598906
0.553745,4.06853606,0.032206483
0.555022,4.064402101,0.031817525
0.556301,4.060302563,0.031432035
0.557583,4.05623628,0.031050032
0.558869,4.052202454,0.030671532
0.560157,4.04820167,0.030296539
0.561448,4.044231952,0.029925078
0.562743,4.040293769,0.029557153
0.56404,4.036387124,0.029192774
0.56534,4.032511855,0.028831949
0.566643,4.028666104,0.028474699
0.56795,4.024851157,0.028121021
0.569259,4.02106585,0.027770929
0.570571,4.017309157,0.027424435
0.571887,4.01358226,0.027081535
0.573205,4.009883957,0.026742239
0.574526,4.006213314,0.026406557
0.575851,4.002571279,0.026074481
0.577178,3.998957075,0.025746019
0.578509,3.9953697,0.025421173
0.579842,3.991810437,0.025099934
0.581179,3.988277724,0.024782308
0.582519,3.984771335,0.024468292
0.583862,3.981291798,0.024157876
0.585207,3.977837087,0.023851067
0.586557,3.97440924,0.023547843
0.587909,3.971006301,0.023248207
0.589264,3.967628734,0.022952147
0.590622,3.964275902,0.022659655
0.591984,3.960948346,0.022370715
0.593349,3.957645174,0.022085319
0.594716,3.954365905,0.021803457
0.596087,3.951111043,0.021525109
0.597461,3.947879413,0.021250266
0.598839,3.944671672,0.020978908
0.600219,3.941487921,0.020711017
0.601603,3.938325856,0.020446586
0.60299,3.935187931,0.020185582
0.60438,3.932071971,0.019927997
0.605773,3.928978837,0.019673805
0.607169,3.925908097,0.019422988
0.608569,3.922859433,0.019175524
0.609972,3.919832556,0.018931393
0.611378,3.916826974,0.018690573
0.612787,3.913842964,0.018453039
0.6142,3.910880603,0.018218766
0.615616,3.907939198,0.017987733
0.617035,3.905018712,0.017759914
0.618458,3.902118571,0.017535286
0.619883,3.899239577,0.01731382
0.621312,3.896380512,0.017095495
0.622744,3.893541837,0.016880281
0.62418,3.890723677,0.016668152
0.625619,3.887924692,0.016459085
0.627061,3.885146086,0.016253048
0.628507,3.882386087,0.016050021
0.629956,3.879645765,0.015849972
0.631408,3.876924867,0.015652872
0.632863,3.874223385,0.015458695
0.634322,3.871539795,0.015267417
0.635784,3.868875275,0.015079007
0.63725,3.866229566,0.014893436
0.638719,3.863602354,0.014710677
0.640191,3.860993336,0.014530703
0.641667,3.858401874,0.014353487
0.643146,3.855828905,0.014178999
0.644629,3.853273441,0.014007212
0.646115,3.850736017,0.013838097
0.647605,3.848215354,0.013671629
0.649097,3.845712762,0.013507777
0.650594,3.843227652,0.013346513
0.652094,3.840759023,0.013187813
0.653597,3.838307668,0.013031646
0.655103,3.835872716,0.012877987
0.656614,3.833454647,0.012726808
0.658127,3.831053687,0.012578079
0.659644,3.828668987,0.012431776
0.661165,3.826300133,0.012287873
0.662689,3.823947906,0.01214634
0.664217,3.82161158,0.012007153
0.665748,3.819291689,0.011870282
0.667283,3.816986599,0.011735707
0.668821,3.814697556,0.011603396
0.670363,3.812424117,0.011473326
0.671908,3.81016681,0.011345467
0.673457,3.807923825,0.011219799
0.675009,3.80569664,0.011096293
0.676566,3.803484145,0.010974924
0.678125,3.801287092,0.010855667
0.679688,3.799104259,0.010738498
0.681255,3.796936805,0.010623389
0.682826,3.794783784,0.010510318
0.6844,3.79264519,0.010399259
0.685978,3.790521502,0.010290187
0.687559,3.788411665,0.010183079
0.689144,3.786316468,0.010077908
0.690732,3.784235354,0.009974652
0.692325,3.782167786,0.009873286
0.693921,3.780114394,0.009773786
0.69552,3.77807531,0.009676125
0.697124,3.776049394,0.009580283
0.698731,3.774037486,0.009486234
0.700342,3.772038774,0.009393954
0.701956,3.770053682,0.009303418
0.703574,3.76808161,0.009214603
0.705196,3.766123607,0.009127482
0.706822,3.764177972,0.009042035
0.708451,3.762245827,0.008958234
0.710084,3.760326883,0.008876055
0.711721,3.758420528,0.008795474
0.713362,3.756527069,0.008716465
0.715006,3.754646078,0.008639004
0.716655,3.752778228,0.008563064
0.718307,3.750922984,0.00848862
0.719963,3.749079739,0.008415646
0.721622,3.747249665,0.008344114
0.723286,3.745431165,0.008274001
0.724953,3.743625442,0.008205275
0.726624,3.741831516,0.008137912
0.728299,3.740050181,0.008071881
0.729978,3.738280195,0.008007156
0.731661,3.736522861,0.007943705
0.733348,3.734777485,0.007881499
0.735038,3.733043213,0.00782051
0.736733,3.73132159,0.007760702
0.738431,3.729611141,0.007702046
0.740133,3.727912127,0.00764451
0.741839,3.726224882,0.007588058
0.743549,3.72454884,0.007532657
0.745264,3.722884933,0.007478271
0.746982,3.721232,0.007424864
0.748704,3.719590072,0.007372399
0.750429,3.717960149,0.007320836
0.752159,3.716340232,0.007270139
0.753893,3.714732334,0.007220264
0.755631,3.713135006,0.007171171
0.757373,3.71154867,0.007122819
0.759119,3.70997341,0.007075161
0.760869,3.708408892,0.007028153
0.762623,3.706855342,0.00698175
0.764381,3.705312589,0.006935903
0.766143,3.703780099,0.006890565
0.767909,3.702258366,0.006845685
0.769679,3.70074685,0.006801213
0.771454,3.6992461,0.006757096
0.773232,3.697755653,0.006713281
0.775015,3.696274733,0.006669715
0.776801,3.694804951,0.00662634
0.778592,3.693345235,0.006583102
0.780387,3.691895358,0.006539943
0.782186,3.690455947,0.006496805
0.783989,3.689025834,0.006453632
0.785796,3.687605974,0.006410362
0.787608,3.686195402,0.006366937
0.789423,3.684794682,0.006323298
0.791243,3.683403603,0.006279384
0.793067,3.682022123,0.006235136
0.794895,3.680649739,0.006190496
0.796728,3.679286821,0.006145405
0.798564,3.677933247,0.006099805
0.800405,3.676589073,0.006053638
0.80225,3.675253648,0.006006851
0.8041,3.673926305,0.00595939
0.805953,3.672608726,0.005911201
0.807811,3.671299441,0.005862236
0.809673,3.669998652,0.005812447
0.81154,3.668706571,0.005761789
0.813411,3.66742258,0.005710221
0.815286,3.666146542,0.005657704
0.817165,3.664879085,0.005604202
0.819049,3.663619417,0.005549685
0.820937,3.662367543,0.005494127
0.82283,3.661123092,0.005437504
0.824726,3.65988603,0.005379799
0.826628,3.658657386,0.005320996
0.828533,3.657435047,0.00526109
0.830443,3.656220229,0.005200075
0.832357,3.655011945,0.005137955
0.834276,3.653810946,0.005074734
0.836199,3.652617014,0.005010425
0.838127,3.651429218,0.004945047
0.840059,3.650248184,0.004878621
0.841996,3.649073119,0.004811175
0.843937,3.64790463,0.004742742
0.845882,3.646742293,0.004673359
0.847832,3.645585614,0.004603069
0.849787,3.644435069,0.004531918
0.851746,3.643290354,0.004459956
0.853709,3.642150838,0.004387238
0.855677,3.641017343,0.004313822
0.85765,3.639888986,0.00423977
0.859627,3.638765982,0.004165144
0.861608,3.637648271,0.004090012
0.863595,3.636536522,0.004014441
0.865585,3.635428966,0.003938502
0.867581,3.634326702,0.003862265
0.869581,3.633229435,0.003785803
0.871585,3.632137095,0.003709187
0.873594,3.63104974,0.003632491
0.875608,3.629966547,0.003555787
0.877627,3.628888994,0.003479145
0.87965,3.627815647,0.003402637
0.881678,3.626746785,0.003326332
0.88371,3.625682924,0.003250297
0.885747,3.624623414,0.003174598
0.887789,3.623568988,0.003099298
0.889836,3.622518604,0.003024461
0.891887,3.62147308,0.002950144
0.893943,3.620431835,0.002876404
0.896004,3.619395589,0.002803295
0.898069,3.618363172,0.00273087
0.90014,3.617335853,0.002659175
0.902215,3.616313106,0.002588256
0.904294,3.615294477,0.002518157
0.906379,3.61428025,0.002448918
0.908469,3.613271149,0.002380573
0.910563,3.612265859,0.002313159
0.912662,3.61126552,0.002246706
0.914766,3.610270068,0.002181243
0.916874,3.609278062,0.002116796
0.918988,3.608291587,0.002053388
0.921107,3.607309054,0.001991039
0.92323,3.606331627,0.001929768
0.925358,3.605358136,0.001869592
0.927491,3.604389576,0.001810522
0.929629,3.603425961,0.001752572
0.931772,3.602466095,0.00169575
0.93392,3.601511452,0.001640063
0.936073,3.600560996,0.001585519
0.938231,3.599615269,0.001532119
0.940394,3.598674387,0.001479867
0.942562,3.597738101,0.001428763
0.944735,3.596805653,0.001378806
0.946913,3.595878599,0.001329994
0.949095,3.594955808,0.001282323
0.951283,3.59403794,0.001235787
0.953476,3.593124487,0.001190382
0.955674,3.592215929,0.0011461
0.957877,3.59131184,0.001102932
0.960085,3.590412235,0.00106087
0.962299,3.58951733,0.001019904
0.964517,3.588627209,0.000980023
0.96674,3.587741413,0.000941216
0.968969,3.586860545,0.00090347
0.971203,3.58598398,0.000866774
0.973442,3.585112501,0.000831113
0.975686,3.58424496,0.000796474
0.977935,3.583382193,0.000762843
0.980189,3.582524263,0.000730206
0.982449,3.581670916,0.000698548
0.984713,3.580822101,0.000667853
0.986983,3.579977835,0.000638106
0.989259,3.579137896,0.000609292
0.991539,3.578302754,0.000581395
0.993825,3.577471853,0.000554399
0.996116,3.576645707,0.000528288
0.998412,3.575823912,0.000503047
1.00071,3.575006846,0.000478659
1.00302,3.574194155,0.000455109
1.00533,3.573385844,0.00043238
1.00765,3.572581923,0.000410457
1.00997,3.571782942,0.000389323
1.0123,3.570988042,0.000368964
1.01464,3.570197494,0.000349363
1.01697,3.56941118,0.000330505
1.01932,3.56862962,0.000312376
1.02167,3.567852004,0.000294959
1.02402,3.56707889,0.000278239
1.02638,3.56630984,0.000262204
1.02875,3.565545671,0.000246836
1.03112,3.56478554,0.000232124
1.0335,3.564029581,0.000218051
1.03588,3.563278253,0.000204606
1.03827,3.562530799,0.000191773
1.04066,3.561787586,0.00017954
1.04306,3.561048554,0.000167894
1.04547,3.560313464,0.000156821
1.04788,3.559582898,0.00014631
1.05029,3.558856505,0.000136348
1.05271,3.558134076,0.000126923
1.05514,3.557415849,0.000118023
1.05757,3.55670157,0.000109637
1.06001,3.555991418,0.000101754
1.06245,3.555285587,9.44E-05
1.0649,3.554583671,8.75E-05
1.06736,3.553885544,8.10E-05
1.06982,3.553191986,7.50E-05
1.07228,3.552502001,6.95E-05
1.07476,3.551816287,6.44E-05
1.07723,3.551134187,5.97E-05
1.07972,3.550456137,5.55E-05
1.08221,3.54978221,5.17E-05
1.0847,3.549111934,4.82E-05
1.0872,3.548446097,4.51E-05
1.08971,3.547784073,4.23E-05
1.09222,3.547126135,3.99E-05
1.09474,3.546471864,3.75E-05
1.09726,3.545822144,3.52E-05
1.09979,3.545175473,3.30E-05
1.10233,3.544532894,3.10E-05
1.10487,3.543893961,2.90E-05
1.10741,3.543258716,2.71E-05
1.10997,3.542627133,2.52E-05
1.11253,3.541999283,2.35E-05
1.11509,3.54137438,2.18E-05
1.11766,3.540753478,2.03E-05
1.12024,3.540136465,1.88E-05
1.12282,3.539522607,1.74E-05
1.12541,3.538911915,1.60E-05
1.128,3.538304856,1.47E-05
1.1306,3.537701337,1.35E-05
1.13321,3.53710125,1.23E-05
1.13582,3.536504291,1.12E-05
1.13844,3.5359107,1.02E-05
1.14106,3.535320402,9.21E-06
1.14369,3.53473317,8.29E-06
1.14633,3.534149591,7.43E-06
1.14897,3.533568891,6.62E-06
1.15162,3.532991587,5.86E-06
1.15428,3.532417189,5.17E-06
1.15694,3.531846481,4.52E-06
1.1596,3.531278155,3.92E-06
1.16228,3.530713671,3.38E-06
1.16496,3.53015191,2.88E-06
1.16764,3.529593327,2.43E-06
1.17033,3.529037927,2.02E-06
1.17303,3.528485136,1.65E-06
1.17574,3.527936043,1.33E-06
1.17845,3.52738931,1.05E-06
1.18116,3.526845813,8.06E-07
1.18389,3.526305487,6.03E-07
1.18662,3.525767814,4.39E-07
1.18935,3.52523325,3.13E-07
1.19209,3.524700963,2.24E-07
1.19484,3.524172499,1.72E-07
1.19759,3.523646609,1.45E-07
1.20036,3.52312302,1.25E-07
1.20312,3.522602907,1.12E-07
1.2059,3.522085624,1.05E-07
1.20868,3.521570816,1.00E-07
1.21146,3.521058841,9.55E-08
1.21425,3.520549701,9.11E-08
1.21705,3.520043171,8.69E-08
1.21986,3.519539467,8.29E-08
1.22267,3.519038384,7.91E-08
1.22549,3.51854032,7.55E-08
1.22832,3.518044478,7.21E-08
1.23115,3.517551591,6.88E-08
1.23398,3.517061359,6.57E-08
1.23683,3.516573588,6.27E-08
1.23968,3.516088196,5.99E-08
1.24254,3.515605788,5.72E-08
1.2454,3.515125367,5.47E-08
1.24827,3.514647897,5.22E-08
1.25115,3.514173011,4.99E-08
1.25404,3.51370061,4.77E-08
1.25693,3.513230384,4.56E-08
1.25982,3.512762992,4.36E-08
1.26273,3.512297644,4.17E-08
1.26564,3.511835314,3.99E-08
1.26856,3.511375098,3.82E-08
1.27148,3.510917034,3.65E-08
1.27441,3.510461958,3.49E-08
1.27735,3.510008912,3.34E-08
1.28029,3.50955788,3.20E-08
1.28325,3.509110087,3.06E-08
1.2862,3.508664106,2.93E-08
1.28917,3.508220444,2.81E-08
1.29214,3.507779192,2.69E-08
1.29512,3.507340065,2.58E-08
1.29811,3.506903242,2.47E-08
1.3011,3.506468944,2.36E-08
1.3041,3.50603685,2.26E-08
1.3071,3.505606926,2.17E-08
1.31012,3.50517941,2.08E-08
1.31314,3.504753496,1.99E-08
1.31616,3.50433036,1.91E-08
1.3192,3.503909315,1.83E-08
1.32224,3.503490249,1.76E-08
1.32529,3.503073556,1.69E-08
1.32834,3.502659066,1.62E-08
1.3314,3.502246675,1.55E-08
1.33447,3.501836299,1.49E-08
1.33755,3.501428268,1.43E-08
1.34063,3.50102208,1.37E-08
1.34372,3.500617936,1.32E-08
1.34682,3.500216095,1.26E-08
1.34993,3.4998162,1.21E-08
1.35304,3.499418302,1.17E-08
1.35616,3.49902243,1.12E-08
1.35928,3.498628988,1.08E-08
1.36242,3.498237317,1.03E-08
1.36556,3.497847349,9.93E-09
1.36871,3.497459592,9.55E-09
1.37186,3.497074103,9.18E-09
1.37502,3.496690273,8.82E-09
1.37819,3.496308615,8.48E-09
1.38137,3.495928803,8.15E-09
1.38455,3.495550869,7.84E-09
1.38775,3.495174738,7.54E-09
1.39094,3.49480077,7.25E-09
1.39415,3.494428324,6.98E-09
1.39737,3.49405822,6.72E-09
1.40059,3.493689656,6.46E-09
1.40382,3.493323613,6.22E-09
1.40705,3.492958635,5.99E-09
1.41029,3.492595923,5.76E-09
1.41355,3.492234987,5.55E-09
1.4168,3.491876123,5.34E-09
1.42007,3.491518646,5.15E-09
1.42334,3.491163352,4.96E-09
1.42663,3.490809773,4.78E-09
1.42991,3.490457869,4.60E-09
1.43321,3.490107603,4.43E-09
1.43651,3.489759188,4.27E-09
1.43983,3.489412835,4.12E-09
1.44314,3.48906785,3.97E-09
1.44647,3.488725018,3.83E-09
1.44981,3.488383455,3.69E-09
1.45315,3.488043609,3.56E-09
1.4565,3.487705761,3.43E-09
1.45986,3.487369905,3.31E-09
1.46322,3.487035117,3.19E-09
1.46659,3.48670241,3.08E-09
1.46997,3.486371432,2.97E-09
1.47336,3.486041825,2.87E-09
1.47676,3.485714111,2.77E-09
1.48016,3.485387668,2.67E-09
1.48358,3.485063576,2.58E-09
1.487,3.484740291,2.49E-09
1.49042,3.484419474,2.40E-09
1.49386,3.484099395,2.32E-09
1.4973,3.483781166,2.24E-09
1.50076,3.483465083,2.17E-09
1.50421,3.483150158,2.09E-09
1.50768,3.48283667,2.02E-09
1.51116,3.48252491,1.95E-09
1.51464,3.482214525,1.89E-09
1.51813,3.481906251,1.83E-09
1.52163,3.481599059,1.76E-09
1.52514,3.481293432,1.71E-09
1.52866,3.480989515,1.65E-09
1.53218,3.480686735,1.59E-09
1.53571,3.48038589,1.54E-09
1.53925,3.480086387,1.49E-09
1.5428,3.479788302,1.44E-09
1.54636,3.479492188,1.40E-09
1.54992,3.47919671,1.35E-09
1.5535,3.478903335,1.31E-09
1.55708,3.47861102,1.26E-09
1.56067,3.478320652,1.22E-09
1.56426,3.478031492,1.18E-09
1.56787,3.477743467,1.15E-09
1.57148,3.477457263,1.11E-09
1.57511,3.477172216,1.07E-09
1.57874,3.476888763,1.04E-09
1.58238,3.476606799,1.01E-09
1.58602,3.476325985,9.76E-10
1.58968,3.476046724,9.46E-10
1.59335,3.475768814,9.16E-10
1.59702,3.475492261,8.88E-10
1.6007,3.475217186,8.60E-10
1.60439,3.474943075,8.33E-10
1.60809,3.474670551,8.08E-10
1.6118,3.474399541,7.83E-10
1.61551,3.474129592,7.59E-10
1.61923,3.473861215,7.36E-10
1.62297,3.473594443,7.13E-10
1.62671,3.473328405,6.92E-10
1.63046,3.473064065,6.71E-10
1.63422,3.472800561,6.51E-10
1.63798,3.47253882,6.31E-10
1.64176,3.472278535,6.12E-10
1.64555,3.472019156,5.94E-10
1.64934,3.471760882,5.76E-10
1.65314,3.471504093,5.59E-10
1.65695,3.471248607,5.43E-10
1.66077,3.470994516,5.27E-10
1.6646,3.470741404,5.11E-10
1.66844,3.470489768,4.96E-10
1.67228,3.470239448,4.82E-10
1.67614,3.469989995,4.68E-10
1.68,3.469741796,4.54E-10
1.68388,3.469495487,4.41E-10
1.68776,3.469249358,4.28E-10
1.69165,3.46900518,4.16E-10
1.69555,3.468761854,4.04E-10
1.69946,3.468520037,3.93E-10
1.70337,3.468279252,3.82E-10
1.7073,3.468039574,3.71E-10
1.71124,3.467801023,3.60E-10
1.71518,3.46756375,3.50E-10
1.71913,3.467327615,3.40E-10
1.7231,3.467092626,3.31E-10
1.72707,3.466858885,3.22E-10
1.73105,3.466626238,3.13E-10
1.73504,3.466394486,3.04E-10
1.73904,3.466164263,2.96E-10
1.74305,3.465934977,2.87E-10
1.74707,3.465706744,2.80E-10
1.7511,3.46547987,2.72E-10
1.75513,3.465253614,2.64E-10
1.75918,3.465028975,2.57E-10
1.76323,3.46480499,2.50E-10
1.7673,3.464582448,2.44E-10
1.77137,3.464360977,2.37E-10
1.77546,3.464140471,2.31E-10
1.77955,3.463921258,2.24E-10
1.78365,3.463702607,2.18E-10
1.78776,3.463485569,2.13E-10
1.79188,3.463269193,2.07E-10
1.79601,3.463054133,2.02E-10
1.80015,3.462839871,1.96E-10
1.8043,3.462626798,1.91E-10
1.80846,3.462414946,1.86E-10
1.81263,3.462203894,1.81E-10
1.81681,3.4619939,1.77E-10
1.821,3.461784946,1.72E-10
1.8252,3.461576968,1.68E-10
1.82941,3.461370187,1.63E-10
1.83362,3.461164231,1.59E-10
1.83785,3.460959287,1.55E-10
1.84209,3.46075551,1.51E-10
1.84633,3.46055244,1.47E-10
1.85059,3.460350436,1.44E-10
1.85485,3.460149496,1.40E-10
1.85913,3.459949534,1.36E-10
1.86342,3.459750434,1.33E-10
1.86771,3.459552532,1.30E-10
1.87202,3.459355303,1.26E-10
1.87633,3.459159301,1.23E-10
1.88066,3.458963911,1.20E-10
1.88499,3.458769757,1.17E-10
1.88934,3.458576522,1.14E-10
1.89369,3.458384123,1.12E-10
1.89806,3.458192551,1.09E-10
1.90244,3.458002118,1.06E-10
1.90682,3.457812325,1.04E-10
1.91122,3.457623927,1.01E-10
1.91562,3.457436185,9.87E-11
1.92004,3.457249059,9.64E-11
1.92446,3.457063293,9.41E-11
1.9289,3.456878003,9.18E-11
1.93335,3.456693833,8.97E-11
1.9378,3.456510801,8.75E-11
1.94227,3.456328314,8.55E-11
1.94675,3.456146871,8.35E-11
1.95124,3.455966147,8.15E-11
1.95573,3.455786571,7.96E-11
1.96024,3.455607412,7.78E-11
1.96476,3.455429369,7.60E-11
1.96929,3.455252173,7.42E-11
1.97383,3.455075794,7.25E-11
1.97838,3.454900802,7.09E-11
1.98294,3.454725997,6.93E-11
1.98751,3.454551966,6.77E-11
1.99209,3.454379017,6.62E-11
1.99669,3.454206886,6.47E-11
2.00129,3.454035766,6.32E-11
2.0059,3.453865429,6.18E-11
2.01053,3.453695592,6.04E-11
2.01516,3.453526759,5.91E-11
2.01981,3.453358604,5.78E-11
2.02446,3.45319167,5.65E-11
2.02913,3.453025101,5.53E-11
2.03381,3.452859347,5.41E-11
2.0385,3.452694655,5.29E-11
2.0432,3.452530762,5.18E-11
2.04791,3.45236736,5.07E-11
2.05263,3.452204987,4.96E-11
2.05736,3.452043325,4.85E-11
2.0621,3.451882441,4.75E-11
2.06685,3.451722367,4.65E-11
2.07162,3.451563116,4.55E-11
2.07639,3.451404551,4.45E-11
2.08118,3.45124635,4.36E-11
2.08598,3.451089508,4.27E-11
2.09079,3.450933128,4.18E-11
2.09561,3.450777487,4.10E-11
2.10044,3.450622921,4.01E-11
2.10528,3.450468483,3.93E-11
2.11013,3.450315233,3.85E-11
2.115,3.45016274,3.77E-11
2.11987,3.450010788,3.70E-11
2.12476,3.449859778,3.63E-11
2.12966,3.449709313,3.55E-11
2.13457,3.449559326,3.48E-11
2.13949,3.449410493,3.41E-11
2.14442,3.449262306,3.35E-11
2.14936,3.449114604,3.28E-11
2.15432,3.44896791,3.22E-11
2.15928,3.448821666,3.16E-11
2.16426,3.448676068,3.10E-11
2.16925,3.44853121,3.04E-11
2.17425,3.448387489,2.98E-11
2.17926,3.448243781,2.93E-11
2.18429,3.448101145,2.87E-11
2.18932,3.44795918,2.82E-11
2.19437,3.447817885,2.77E-11
2.19943,3.447677248,2.72E-11
2.2045,3.447537337,2.67E-11
2.20958,3.447397649,2.62E-11
2.21467,3.447259089,2.57E-11
2.21978,3.447121189,2.53E-11
2.2249,3.446983783,2.48E-11
2.23003,3.446847205,2.44E-11
2.23517,3.44671111,2.40E-11
2.24032,3.446575743,2.36E-11
2.24548,3.446440957,2.32E-11
2.25066,3.446306745,2.28E-11
2.25585,3.446173371,2.24E-11
2.26105,3.446040667,2.20E-11
2.26626,3.445908346,2.16E-11
2.27149,3.445776683,2.13E-11
2.27672,3.445645768,2.09E-11
2.28197,3.44551526,2.06E-11
2.28723,3.445385559,2.04E-11
2.2925,3.445256469,2.02E-11
2.29779,3.445128235,2.00E-11
2.30308,3.445000254,1.99E-11
2.30839,3.444872907,1.97E-11
2.31372,3.444746593,1.95E-11
2.31905,3.444620249,1.94E-11
2.32439,3.444494764,1.92E-11
2.32975,3.444370001,1.90E-11
2.33512,3.444245653,1.89E-11
2.34051,3.444122248,1.87E-11
2.3459,3.44399905,1.86E-11
2.35131,3.443876708,1.85E-11
2.35673,3.443754522,1.83E-11
2.36216,3.443633168,1.82E-11
2.36761,3.443512508,1.81E-11
2.37307,3.443392313,1.80E-11
2.37854,3.443272671,1.78E-11
2.38402,3.443153582,1.77E-11
2.38952,3.443035213,1.76E-11
2.39502,3.442917187,1.75E-11
2.40055,3.442799841,1.74E-11
2.40608,3.442683032,1.73E-11
2.41163,3.442566533,1.72E-11
2.41718,3.442451149,1.71E-11
2.42276,3.442335792,1.70E-11
2.42834,3.442221325,1.69E-11
2.43394,3.442107205,1.69E-11
2.43955,3.441993636,1.68E-11
2.44517,3.441880785,1.67E-11
2.45081,3.441768306,1.66E-11
2.45646,3.441656416,1.66E-11
2.46212,3.441544868,1.65E-11
2.4678,3.44143397,1.64E-11
2.47349,3.441323601,1.64E-11
2.47919,3.441213989,1.63E-11
2.48491,3.441104459,1.63E-11
2.49063,3.440995944,1.62E-11
2.49638,3.440887575,1.62E-11
2.50213,3.440779733,1.61E-11
2.5079,3.440672437,1.61E-11
2.51368,3.440565623,1.60E-11
2.51947,3.440459368,1.60E-11
2.52528,3.440353808,1.59E-11
2.5311,3.440248664,1.59E-11
2.53694,3.440143871,1.59E-11
2.54279,3.440039804,1.58E-11
2.54865,3.439935924,1.58E-11
2.55452,3.439832651,1.58E-11
2.56041,3.439729831,1.58E-11
2.56631,3.439627731,1.57E-11
2.57223,3.439525742,1.57E-11
2.57816,3.439424404,1.57E-11
2.5841,3.439323354,1.57E-11
2.59006,3.439223406,1.57E-11
2.59603,3.439123301,1.57E-11
2.60202,3.439023801,1.57E-11
2.60801,3.438924897,1.57E-11
2.61403,3.438826431,1.56E-11
2.62005,3.438728246,1.56E-11
2.62609,3.438630962,1.56E-11
2.63215,3.43853357,1.56E-11
2.63821,3.438437078,1.56E-11
2.64429,3.438341063,1.57E-11
2.65039,3.43824511,1.57E-11
2.6565,3.438149899,1.57E-11
2.66262,3.438055007,1.57E-11
2.66876,3.437960523,1.57E-11
2.67491,3.437866565,1.57E-11
2.68108,3.437773255,1.57E-11
2.68726,3.437680273,1.57E-11
2.69346,3.437587391,1.58E-11
2.69967,3.437495417,1.58E-11
2.70589,3.437403622,1.58E-11
2.71213,3.437312235,1.58E-11
2.71838,3.437221169,1.58E-11
2.72464,3.437130917,1.59E-11
2.73093,3.437040904,1.59E-11
2.73722,3.436951074,1.59E-11
2.74353,3.436862032,1.60E-11
2.74986,3.436773144,1.60E-11
2.75619,3.436684848,1.60E-11
2.76255,3.436596835,1.61E-11
2.76892,3.43650941,1.61E-11
2.7753,3.436422442,1.61E-11
2.7817,3.43633558,1.62E-11
2.78811,3.436249364,1.62E-11
2.79454,3.436163666,1.63E-11
2.80098,3.436077747,1.63E-11
2.80744,3.435992781,1.64E-11
2.81391,3.435908051,1.64E-11
2.82039,3.435823941,1.65E-11
2.8269,3.435739852,1.65E-11
2.83341,3.435656513,1.66E-11
2.83994,3.435573365,1.66E-11
2.84649,3.435490646,1.67E-11
2.85305,3.435408331,1.67E-11
2.85963,3.435326226,1.68E-11
2.86622,3.435244778,1.69E-11
2.87283,3.435163582,1.69E-11
2.87945,3.435082888,1.70E-11
2.88609,3.435002415,1.70E-11
2.89274,3.434922334,1.71E-11
2.89941,3.434842544,1.72E-11
2.9061,3.434763605,1.72E-11
2.91279,3.434684535,1.73E-11
2.91951,3.434605959,1.74E-11
2.92624,3.434527846,1.74E-11
2.93299,3.434450079,1.75E-11
2.93975,3.434372399,1.76E-11
2.94652,3.434295273,1.77E-11
2.95332,3.434218686,1.77E-11
2.96012,3.434142308,1.78E-11
2.96695,3.434066464,1.79E-11
2.97379,3.433990749,1.80E-11
2.98064,3.433915245,1.81E-11
2.98751,3.433840398,1.81E-11
2.9944,3.433765945,1.82E-11
3.0013,3.433691776,1.83E-11
3.00822,3.433617696,1.84E-11
3.01516,3.433544109,1.85E-11
3.02211,3.433470875,1.86E-11
3.02907,3.433398149,1.87E-11
3.03606,3.433325687,1.87E-11
3.04306,3.433253377,1.88E-11
3.05007,3.433181603,1.89E-11
3.0571,3.433109959,1.90E-11
3.06415,3.433038886,1.91E-11
3.07121,3.432967995,1.92E-11
3.07829,3.43289763,1.93E-11
3.08539,3.432827301,1.94E-11
3.0925,3.432757348,1.95E-11
3.09963,3.432687998,1.96E-11
3.10678,3.432618663,1.97E-11
3.11394,3.432549854,1.98E-11
3.12112,3.432481237,1.99E-11
3.12831,3.432413137,2.00E-11
3.13552,3.432345247,2.01E-11
3.14275,3.4322776,2.02E-11
3.15,3.432210346,2.04E-11
3.15726,3.432143223,2.05E-11
3.16453,3.432076623,2.06E-11
3.17183,3.432010381,2.07E-11
3.17914,3.43194446,2.08E-11
3.18647,3.431878529,2.09E-11
3.19382,3.431813017,2.10E-11
3.20118,3.431748094,2.12E-11
3.20856,3.43168313,2.13E-11
3.21595,3.431618634,2.14E-11
3.22337,3.431554286,2.15E-11
3.2308,3.431490764,2.16E-11
3.23825,3.431427037,2.18E-11
3.24571,3.431363709,2.19E-11
3.25319,3.431300736,2.20E-11
3.26069,3.431237815,2.21E-11
3.26821,3.431175436,2.23E-11
3.27574,3.431113486,2.24E-11
3.28329,3.431051568,2.25E-11
3.29086,3.430989979,2.27E-11
3.29845,3.430928721,2.28E-11
3.30605,3.430867778,2.29E-11
3.31367,3.43080706,2.31E-11
3.32131,3.43074641,2.32E-11
3.32897,3.430686426,2.33E-11
3.33664,3.430626467,2.35E-11
3.34434,3.430567022,2.36E-11
3.35205,3.430507673,2.38E-11
3.35977,3.430448759,2.39E-11
3.36752,3.430389905,2.41E-11
3.37528,3.430331559,2.42E-11
3.38306,3.430273239,2.43E-11
3.39086,3.430215458,2.45E-11
3.39868,3.430157645,2.46E-11
3.40651,3.43010029,2.48E-11
3.41436,3.430043152,2.49E-11
3.42224,3.429986325,2.51E-11
3.43012,3.429929738,2.53E-11
3.43803,3.42987331,2.54E-11
3.44596,3.429817356,2.56E-11
3.4539,3.429761403,2.57E-11
3.46186,3.429706154,2.59E-11
3.46984,3.429650717,2.60E-11
3.47784,3.429595661,2.62E-11
3.48586,3.429540955,2.64E-11
3.4939,3.429486391,2.65E-11
3.50195,3.429431869,2.67E-11
3.51002,3.429378152,2.69E-11
3.51811,3.429324469,2.70E-11
3.52622,3.429270702,2.72E-11
3.53435,3.429217466,2.74E-11
3.5425,3.429164395,2.76E-11
3.55067,3.429111739,2.77E-11
3.55885,3.429059261,2.79E-11
3.56706,3.429006861,2.81E-11
3.57528,3.42895495,2.83E-11
3.58352,3.428903277,2.84E-11
3.59178,3.428851561,2.86E-11
3.60006,3.428800216,2.88E-11
3.60836,3.428749235,2.90E-11
3.61668,3.428698291,2.92E-11
3.62502,3.428647792,2.94E-11
3.63337,3.428597473,2.96E-11
3.64175,3.428547375,2.97E-11
3.65014,3.428497183,2.99E-11
3.65856,3.428447674,3.01E-11
3.66699,3.428398109,3.03E-11
3.67544,3.428349084,3.05E-11
3.68392,3.428300007,3.07E-11
3.69241,3.428251392,3.09E-11
3.70092,3.428202821,3.11E-11
3.70945,3.428154411,3.13E-11
3.718,3.428106456,3.15E-11
3.72658,3.428058355,3.17E-11
3.73517,3.428010784,3.19E-11
3.74378,3.4279633,3.21E-11
3.75241,3.427916467,3.23E-11
3.76106,3.427869535,3.26E-11
3.76973,3.427822487,3.28E-11
3.77842,3.427776042,3.30E-11
3.78713,3.427729656,3.32E-11
3.79586,3.427683638,3.34E-11
3.80461,3.427637627,3.36E-11
3.81338,3.427592089,3.39E-11
3.82217,3.427546428,3.41E-11
3.83098,3.427501294,3.43E-11
3.83981,3.427456001,3.45E-11
3.84866,3.427411295,3.48E-11
3.85754,3.427366657,3.50E-11
3.86643,3.427322386,3.52E-11
3.87534,3.427278073,3.54E-11
3.88427,3.427233992,3.57E-11
3.89323,3.427190245,3.59E-11
3.9022,3.42714654,3.61E-11
3.9112,3.427103147,3.64E-11
3.92021,3.427059956,3.66E-11
3.92925,3.427016976,3.69E-11
3.93831,3.426974178,3.71E-11
3.94739,3.426931628,3.74E-11
3.95649,3.426889326,3.76E-11
3.96561,3.426846999,3.79E-11
3.97475,3.426804975,3.81E-11
3.98391,3.426763106,3.84E-11
3.9931,3.426721559,3.86E-11
4.0023,3.426680107,3.89E-11
4.01153,3.426638846,3.91E-11
4.02078,3.426597575,3.94E-11
4.03004,3.426556946,3.96E-11
4.03934,3.426516224,3.99E-11
4.04865,3.426475844,4.02E-11
4.05798,3.426435584,4.04E-11
4.06733,3.426395487,4.07E-11
4.07671,3.42635541,4.10E-11
4.08611,3.426315771,4.12E-11
4.09553,3.426276056,4.15E-11
4.10497,3.426236691,4.18E-11
4.11443,3.426197578,4.21E-11
4.12392,3.426158655,4.24E-11
4.13342,3.426119795,4.26E-11
4.14295,3.42608106,4.29E-11
4.1525,3.426042609,4.32E-11
4.16207,3.426004142,4.35E-11
4.17167,3.425966119,4.38E-11
4.18129,3.425928328,4.41E-11
4.19092,3.425890606,4.44E-11
4.20059,3.42585287,4.47E-11
4.21027,3.425815591,4.50E-11
4.21998,3.425778062,4.53E-11
4.2297,3.425741149,4.56E-11
4.23945,3.42570411,4.59E-11
4.24923,3.425667539,4.62E-11
4.25902,3.425630883,4.65E-11
4.26884,3.425594607,4.68E-11
4.27868,3.425558391,4.71E-11
4.28854,3.425522094,4.74E-11
4.29843,3.425486341,4.77E-11
4.30834,3.425450701,4.80E-11
4.31827,3.425415084,4.84E-11
4.32823,3.425379674,4.87E-11
4.3382,3.42534433,4.90E-11
4.3482,3.425309292,4.93E-11
4.35823,3.425274307,4.97E-11
4.36827,3.425239715,5.00E-11
4.37834,3.42520501,5.03E-11
4.38844,3.425170379,5.07E-11
4.39855,3.425136466,5.10E-11
4.40869,3.425102273,5.14E-11
4.41886,3.425068257,5.17E-11
4.42904,3.425034625,5.20E-11
4.43925,3.42500083,5.24E-11
4.44949,3.4249673,5.27E-11
4.45974,3.424933828,5.31E-11
4.47002,3.424900736,5.34E-11
4.48033,3.424867757,5.38E-11
4.49066,3.424834951,5.42E-11
4.50101,3.424802071,5.45E-11
4.51138,3.424769493,5.49E-11
4.52178,3.424737064,5.53E-11
4.53221,3.424704781,5.56E-11
4.54266,3.424672647,5.60E-11
4.55313,3.424640595,5.64E-11
4.56362,3.424608925,5.68E-11
4.57414,3.424577331,5.71E-11
4.58469,3.424545673,5.75E-11
4.59526,3.424514319,5.79E-11
4.60585,3.424483136,5.83E-11
4.61647,3.424451973,5.87E-11
4.62711,3.424420859,5.91E-11
4.63778,3.424389957,5.95E-11
4.64847,3.424359335,5.99E-11
4.65918,3.424328894,6.03E-11
4.66992,3.424298471,6.07E-11
4.68069,3.424268279,6.11E-11
4.69148,3.424238103,6.17E-11
4.7023,3.424208074,6.24E-11
4.71313,3.424178048,6.38E-11
4.724,3.424148293,6.63E-11
4.73489,3.424119009,7.13E-11
4.7458,3.424089389,8.08E-11
4.75675,3.424060047,9.83E-11
4.76771,3.42403096,1.28E-10
4.7787,3.424001919,1.77E-10
4.78972,3.42397297,2.51E-10
4.80076,3.4239444,3.55E-10
4.81183,3.423915675,4.96E-10
4.82292,3.423886884,6.76E-10
4.83404,3.423858724,8.94E-10
4.84518,3.423830572,1.15E-09
4.85635,3.423802443,1.43E-09
4.86754,3.423774269,1.74E-09
4.87876,3.423746358,2.06E-09
4.89001,3.423718722,2.40E-09
4.90128,3.423691102,2.75E-09
4.91258,3.423663682,3.10E-09
4.92391,3.423636141,3.46E-09
4.93526,3.423608901,3.84E-09
4.94664,3.423581784,4.24E-09
4.95804,3.423554929,4.69E-09
4.96947,3.423528017,5.27E-09
4.98092,3.423501208,6.10E-09
4.99241,3.423474724,7.41E-09
5.00391,3.423448175,9.54E-09
5.01545,3.423421642,1.30E-08
5.02701,3.423395534,1.83E-08
5.0386,3.423369448,2.62E-08
5.05022,3.423343312,3.70E-08
5.06186,3.423317429,5.11E-08
5.07353,3.423291585,6.81E-08
5.08522,3.423265783,8.74E-08
5.09694,3.423240277,1.08E-07
5.10869,3.423215052,1.28E-07
5.12047,3.42318967,1.47E-07
5.13227,3.423164546,1.63E-07
5.14411,3.423139283,1.77E-07
5.15596,3.423114506,1.87E-07
5.16785,3.423089511,1.96E-07
5.17976,3.42306478,2.02E-07
5.1917,3.423040172,2.06E-07
5.20367,3.423015553,2.10E-07
5.21567,3.422991413,2.13E-07
5.22769,3.422967078,2.16E-07
5.23974,3.422942974,2.19E-07
5.25182,3.422918928,2.21E-07
5.26393,3.42289489,2.24E-07
5.27606,3.422870977,2.26E-07
5.28822,3.42284731,2.29E-07
5.30042,3.422823517,2.31E-07
5.31263,3.422800097,2.34E-07
5.32488,3.422776617,2.37E-07
5.33716,3.422753293,2.40E-07
5.34946,3.422729944,2.43E-07
5.36179,3.422706988,2.47E-07
5.37415,3.422683866,2.51E-07
5.38654,3.42266088,2.56E-07
5.39896,3.422638245,2.63E-07
5.4114,3.422615509,2.71E-07
5.42388,3.422593063,2.81E-07
5.43638,3.422570323,2.92E-07
5.44891,3.422547989,3.05E-07
5.46147,3.422525726,3.20E-07
5.47406,3.42250348,3.36E-07
5.48668,3.422481494,3.54E-07
5.49933,3.422459632,3.72E-07
5.51201,3.422437632,3.91E-07
5.52471,3.422415741,4.11E-07
5.53745,3.422394038,4.31E-07
5.55022,3.422372568,4.52E-07
5.56301,3.422350862,4.72E-07
5.57583,3.422329534,4.93E-07
5.58869,3.422308204,5.13E-07
5.60157,3.422287111,5.32E-07
5.61448,3.422266101,5.51E-07
5.62743,3.422244957,5.68E-07
5.6404,3.422223974,5.83E-07
5.6534,3.422203189,5.96E-07
5.66643,3.422182506,6.06E-07
5.6795,3.422161913,6.14E-07
5.69259,3.422141453,6.19E-07
5.70571,3.422120785,6.22E-07
5.71887,3.422100545,6.23E-07
5.73205,3.422080344,6.23E-07
5.74526,3.422060077,6.23E-07
5.75851,3.422039771,6.23E-07
5.77178,3.422020035,6.23E-07
5.78509,3.421999941,6.25E-07
5.79842,3.421980263,6.27E-07
5.81179,3.421960488,6.31E-07
5.82519,3.421940853,6.35E-07
5.83862,3.421921111,6.39E-07
5.85207,3.421901758,6.44E-07
5.86557,3.421882152,6.50E-07
5.87909,3.421863222,6.57E-07
5.89264,3.421843523,6.65E-07
5.90622,3.421824701,6.74E-07
5.91984,3.421805468,6.84E-07
5.93349,3.42178647,6.97E-07
5.94716,3.421767626,7.11E-07
5.96087,3.421748785,7.28E-07
5.97461,3.421730138,7.48E-07
5.98839,3.421711393,7.69E-07
6.00219,3.421692909,7.93E-07
6.01603,3.421674322,8.19E-07
6.0299,3.421655742,8.47E-07
6.0438,3.421637719,8.76E-07
6.05773,3.421619349,9.07E-07
6.07169,3.421601046,9.38E-07
6.08569,3.42158312,9.70E-07
6.09972,3.421564899,1.00E-06
6.11378,3.421546969,1.03E-06
6.12787,3.421529222,1.07E-06
6.142,3.421511396,1.10E-06
6.15616,3.421493875,1.14E-06
6.17035,3.421476081,1.17E-06
6.18458,3.421458526,1.20E-06
6.19883,3.421441106,1.24E-06
6.21312,3.421423796,1.27E-06
6.22744,3.421406259,1.30E-06
6.2418,3.421389138,1.34E-06
6.25619,3.421371933,1.37E-06
6.27061,3.421354803,1.39E-06
6.28507,3.421337973,1.42E-06
6.29956,3.421320807,1.44E-06
6.31408,3.421304009,1.46E-06
6.32863,3.42128697,1.47E-06
6.34322,3.421270352,1.47E-06
6.35784,3.421253639,1.48E-06
6.3725,3.42123701,1.48E-06
6.38719,3.421220265,1.47E-06
6.40191,3.421203678,1.47E-06
6.41667,3.421187213,1.48E-06
6.43146,3.421170891,1.49E-06
6.44629,3.421154284,1.52E-06
6.46115,3.421138106,1.55E-06
6.47605,3.421121891,1.60E-06
6.49097,3.421105623,1.65E-06
6.50594,3.421089195,1.72E-06
6.52094,3.421073385,1.79E-06
6.53597,3.421057032,1.88E-06
6.55103,3.421040994,1.99E-06
6.56614,3.421024799,2.12E-06
6.58127,3.421008738,2.29E-06
6.59644,3.420992871,2.50E-06
6.61165,3.420976808,2.77E-06
6.62689,3.420960884,3.12E-06
6.64217,3.420944795,3.54E-06
6.65748,3.420928772,4.07E-06
6.67283,3.420912997,4.73E-06
6.68821,3.420897231,5.53E-06
6.70363,3.420881289,6.49E-06
6.71908,3.420865504,7.63E-06
6.73457,3.420850106,8.95E-06
6.75009,3.42083492,1.04E-05
6.76566,3.420819587,1.21E-05
6.78125,3.42080472,1.39E-05
6.79688,3.420790394,1.59E-05
6.81255,3.420775934,1.80E-05
6.82826,3.420762174,2.02E-05
6.844,3.420748814,2.24E-05
6.85978,3.420736036,2.45E-05
6.87559,3.420723986,2.62E-05
6.89144,3.420712005,2.74E-05
6.90732,3.420700381,2.80E-05
6.92325,3.42068894,2.79E-05
6.93921,3.420677126,2.73E-05
6.9552,3.420664636,2.64E-05
6.97124,3.420652516,2.53E-05
6.98731,3.420639521,2.41E-05
7.00342,3.420626443,2.30E-05
7.01956,3.420612958,2.19E-05
7.03574,3.420599501,2.10E-05
7.05196,3.420585796,2.03E-05
7.06822,3.42057213,1.97E-05
7.08451,3.420558213,1.93E-05
7.10084,3.420544508,1.92E-05
7.11721,3.420531141,1.91E-05
7.13362,3.420517507,1.92E-05
7.15006,3.42050434,1.93E-05
7.16655,3.42049122,1.95E-05
7.18307,3.420478061,1.97E-05
7.19963,3.420464938,1.98E-05
7.21622,3.420452167,2.00E-05
7.23286,3.420439372,2.01E-05
7.24953,3.420426761,2.03E-05
7.26624,3.420414281,2.03E-05
7.28299,3.420401653,2.03E-05
7.29978,3.420389346,2.03E-05
7.31661,3.420376909,2.01E-05
7.33348,3.420364575,1.99E-05
7.35038,3.420351891,1.96E-05
7.36733,3.420339433,1.93E-05
7.38431,3.420326737,1.90E-05
7.40133,3.42031391,1.88E-05
7.41839,3.42030115,1.87E-05
7.43549,3.420288355,1.87E-05
7.45264,3.420275434,1.89E-05
7.46982,3.420262771,1.93E-05
7.48704,3.420249985,1.99E-05
7.50429,3.420237499,2.07E-05
7.52159,3.420225219,2.16E-05
7.53893,3.420212908,2.26E-05
7.55631,3.420201168,2.37E-05
7.57373,3.420189538,2.48E-05
7.59119,3.420178374,2.58E-05
7.60869,3.420166949,2.67E-05
7.62623,3.420156055,2.76E-05
7.64381,3.420145322,2.83E-05
7.66143,3.420134933,2.88E-05
7.67909,3.420124362,2.92E-05
7.69679,3.420113962,2.94E-05
7.71454,3.420103786,2.93E-05
7.73232,3.420093377,2.91E-05
7.75015,3.420083035,2.87E-05
7.76801,3.420072554,2.81E-05
7.78592,3.420061806,2.74E-05
7.80387,3.42005139,2.66E-05
7.82186,3.420040649,2.58E-05
7.83989,3.420029564,2.50E-05
7.85796,3.420018663,2.42E-05
7.87608,3.420007539,2.34E-05
7.89423,3.419996417,2.26E-05
7.91243,3.419985462,2.19E-05
7.93067,3.419973973,2.13E-05
7.94895,3.419962957,2.06E-05
7.96728,3.419951378,2.01E-05
7.98564,3.419940321,1.96E-05
8.00405,3.419928825,1.91E-05
8.0225,3.419917411,1.88E-05
8.041,3.419906038,1.85E-05
8.05953,3.419894614,1.82E-05
8.07811,3.4198833,1.80E-05
8.09673,3.419871784,1.78E-05
8.1154,3.419860559,1.77E-05
8.13411,3.41984893,1.77E-05
8.15286,3.419837364,1.78E-05
8.17165,3.419825992,1.81E-05
8.19049,3.41981433,1.85E-05
8.20937,3.419802908,1.90E-05
8.2283,3.419791494,1.97E-05
8.24726,3.419780048,2.06E-05
8.26628,3.419768727,2.17E-05
8.28533,3.419757607,2.29E-05
8.30443,3.419746541,2.42E-05
8.32357,3.419735834,2.57E-05
8.34276,3.41972504,2.72E-05
8.36199,3.419714653,2.88E-05
8.38127,3.419704244,3.05E-05
8.40059,3.419694294,3.21E-05
8.41996,3.41968439,3.37E-05
8.43937,3.419674529,3.53E-05
8.45882,3.419665212,3.68E-05
8.47832,3.419655601,3.82E-05
8.49787,3.419646305,3.96E-05
8.51746,3.419636682,4.10E-05
8.53709,3.419627462,4.23E-05
8.55677,3.419618146,4.36E-05
8.5765,3.4196091,4.49E-05
8.59627,3.419599792,4.62E-05
8.61608,3.419590643,4.74E-05
8.63595,3.419581432,4.88E-05
8.65585,3.419572242,5.03E-05
8.67581,3.419563131,5.19E-05
8.69581,3.419553799,5.38E-05
8.71585,3.419545195,5.59E-05
8.73594,3.419536611,5.81E-05
8.75608,3.4195287,6.04E-05
8.77627,3.419521024,6.27E-05
8.7965,3.419513885,6.48E-05
8.81678,3.419507074,6.67E-05
8.8371,3.419500239,6.81E-05
8.85747,3.419493858,6.93E-05
8.87789,3.419487328,7.01E-05
8.89836,3.419480735,7.07E-05
8.91887,3.419474155,7.10E-05
8.93943,3.419467736,7.12E-05
8.96004,3.419461564,7.12E-05
8.98069,3.419454829,7.10E-05
9.0014,3.419448435,7.07E-05
9.02215,3.419441915,7.01E-05
9.04294,3.419435141,6.93E-05
9.06379,3.419428651,6.84E-05
9.08469,3.419421832,6.72E-05
9.10563,3.419415106,6.58E-05
9.12662,3.419407752,6.43E-05
9.14766,3.419400573,6.27E-05
9.16874,3.419393089,6.11E-05
9.18988,3.419385487,5.94E-05
9.21107,3.419377763,5.76E-05
9.2323,3.419369762,5.58E-05
9.25358,3.41936178,5.39E-05
9.27491,3.419353358,5.20E-05
9.29629,3.419345075,5.02E-05
9.31772,3.419336037,4.84E-05
9.3392,3.419327128,4.67E-05
9.36073,3.419318162,4.52E-05
9.38231,3.419308689,4.38E-05
9.40394,3.419299248,4.26E-05
9.42562,3.419289901,4.15E-05
9.44735,3.41928038,4.05E-05
9.46913,3.419270883,3.97E-05
9.49095,3.419261276,3.90E-05
9.51283,3.419251468,3.84E-05
9.53476,3.419241742,3.80E-05
9.55674,3.41923196,3.77E-05
9.57877,3.419221818,3.75E-05
9.60085,3.41921201,3.74E-05
9.62299,3.419201831,3.76E-05
9.64517,3.419191637,3.80E-05
9.6674,3.419181443,3.87E-05
9.68969,3.419171313,3.97E-05
9.71203,3.419161209,4.09E-05
9.73442,3.419151433,4.23E-05
9.75686,3.419141549,4.40E-05
9.77935,3.41913191,4.58E-05
9.80189,3.419122323,4.77E-05
9.82449,3.419112595,4.98E-05
9.84713,3.419103464,5.21E-05
9.86983,3.419094081,5.45E-05
9.89259,3.419084906,5.71E-05
9.91539,3.41907604,5.98E-05
9.93825,3.419067409,6.27E-05
9.96116,3.419058872,6.57E-05
9.98412,3.419050295,6.87E-05
10.0071,3.419042057,7.18E-05
10.0302,3.419033418,7.51E-05
10.0533,3.419025349,7.87E-05
10.0765,3.419017604,8.26E-05
10.0997,3.419010142,8.68E-05
10.123,3.41900297,9.11E-05
10.1464,3.418996513,9.55E-05
10.1697,3.418990483,9.97E-05
10.1932,3.418984877,0.000103791
10.2167,3.418979538,0.00010762
10.2402,3.418974913,0.000111178
10.2638,3.418970443,0.000114422
10.2875,3.418965924,0.000117306
10.3112,3.418961831,0.000119787
10.335,3.418957784,0.000121838
10.3588,3.418953705,0.000123463
10.3827,3.418949649,0.000124695
10.4066,3.418945333,0.000125579
10.4306,3.418941073,0.000126139
10.4547,3.418936325,0.00012637
10.4788,3.41893138,0.000126265
10.5029,3.418925846,0.000125886
10.5271,3.418919838,0.000125397
10.5514,3.418913432,0.000125018
10.5757,3.418906198,0.000124935
10.6001,3.41889884,0.000125254
10.6245,3.418890821,0.000126054
10.649,3.418883024,0.00012743
10.6736,3.418874847,0.000129459
10.6982,3.41886699,0.000132102
10.7228,3.418859777,0.000135163
10.7476,3.418852489,0.000138396
10.7723,3.418845867,0.000141666
10.7972,3.418839034,0.000145043
10.8221,3.418831999,0.000148744
10.847,3.418825405,0.000152988
10.872,3.418818764,0.00015787
10.8971,3.418812987,0.000163312
10.9222,3.418808086,0.000169108
10.9474,3.418804217,0.000174996
10.9726,3.418800976,0.000180721
10.9979,3.418798473,0.000186082
11.0233,3.418796896,0.000190939
11.0487,3.418795555,0.000195222
11.0741,3.418794776,0.000198916
11.0997,3.418794091,0.000202053
11.1253,3.418793197,0.000204687
11.1509,3.418792728,0.000206884
11.1766,3.418792261,0.000208695
11.2024,3.418791637,0.000210148
11.2282,3.418791197,0.000211243
11.2541,3.418790863,0.000211953
11.28,3.418790261,0.000212247
11.306,3.418789829,0.000212109
11.3321,3.418788995,0.000211566
11.3582,3.418788314,0.000210697
11.3844,3.418787209,0.00020962
11.4106,3.41878571,0.000208439
11.4369,3.418784702,0.000207182
11.4633,3.418783612,0.000205748
11.4897,3.418782438,0.000203916
11.5162,3.418781683,0.000201412
11.5428,3.418780864,0.000198031
11.5694,3.418779206,0.000193735
11.596,3.418776861,0.000188695
11.6228,3.418773602,0.000183246
11.6496,3.418768701,0.000177787
11.6764,3.418763133,0.000172666
11.7033,3.418756432,0.0001681
11.7303,3.418749633,0.00016414
11.7574,3.418742434,0.000160695
11.7845,3.418735034,0.000157581
11.8116,3.418727124,0.000154613
11.8389,3.418719123,0.000151694
11.8662,3.418710001,0.000148921
11.8935,3.418700052,0.000146646
11.9209,3.418688715,0.00014545
11.9484,3.418676373,0.000146004
11.9759,3.418664106,0.000148836
12.0036,3.418652559,0.000154086
12.0312,3.418642415,0.000161393
12.059,3.418635126,0.000169974
12.0868,3.418630224,0.000178869
12.1146,3.418627681,0.00018721
12.1425,3.41862697,0.00019438
12.1705,3.418627758,0.000200006
12.1986,3.418629581,0.000203867
12.2267,3.418631705,0.000205819
12.2549,3.418634014,0.000205798
12.2832,3.418635571,0.000203892
12.3115,3.418635926,0.000200377
12.3398,3.418634849,0.000195688
12.3683,3.418631984,0.000190318
12.3968,3.418627081,0.000184706
12.4254,3.41862038,0.00017919
12.454,3.418611135,0.000174259
12.4827,3.418598714,0.000171397
12.5115,3.41858491,0.000173196
12.5404,3.418573563,0.000180095
12.5693,3.418567027,0.000188495
12.5982,3.418563913,0.000195078
12.6273,3.418561728,0.000199499
12.6564,3.418559349,0.000202587
12.6856,3.418556957,0.00020493
12.7148,3.418554081,0.000206821
12.7441,3.418551172,0.00020844
12.7735,3.418547878,0.000209933
12.8029,3.41854418,0.000211417
12.8325,3.418540511,0.000212979
12.862,3.418536554,0.00021467
12.8917,3.418532918,0.000216514
12.9214,3.418528806,0.000218517
12.9512,3.418525117,0.00022067
12.9811,3.418521316,0.000222958
13.011,3.418517513,0.000225362
13.041,3.418513826,0.000227875
13.071,3.418510112,0.000230504
13.1012,3.418506752,0.000233277
13.1314,3.418502852,0.00023624
13.1616,3.418499219,0.000239456
13.192,3.418495768,0.000242996
13.2224,3.418492335,0.000246938
13.2529,3.418488968,0.000251367
13.2834,3.418485937,0.000256375
13.314,3.418483187,0.000262069
13.3447,3.418481028,0.000268565
13.3755,3.418479698,0.00027599
13.4063,3.418479281,0.00028447
13.4372,3.41848112,0.000294115
13.4682,3.418485856,0.000304814
13.4993,3.418494908,0.000315387
13.5304,3.41850936,0.000322522
13.5616,3.418526035,0.00032269
13.5928,3.418540349,0.000316588
13.6242,3.418549928,0.000308193
13.6556,3.41855752,0.000299793
13.6871,3.418563383,0.000291355
13.7186,3.418568707,0.000282458
13.7502,3.418573375,0.000272947
13.7819,3.418577154,0.000262799
13.8137,3.418579838,0.000252009
13.8455,3.418582227,0.000240523
13.8775,3.418583471,0.000228186
13.9094,3.418584141,0.000214734
13.9415,3.418583219,0.000199863
13.9737,3.418580511,0.000183397
14.0059,3.418574661,0.000165657
14.0382,3.418564553,0.000148004
14.0705,3.41855039,0.00013267
14.1029,3.418534017,0.000121035
14.1355,3.418517258,0.000112583
14.168,3.418500459,0.000106408
14.2007,3.418484025,0.00010227
14.2334,3.41846788,0.000100016
14.2663,3.418452617,9.93E-05
14.2991,3.418438181,9.99E-05
14.3321,3.418424501,0.000101713
14.3651,3.418412037,0.000104551
14.3983,3.418401023,0.000108222
14.4314,3.418391682,0.000112201
14.4647,3.418384031,0.000115649
14.4981,3.418377402,0.00011775
14.5315,3.41837083,0.000118291
14.565,3.418363526,0.000117855
14.5986,3.418355106,0.000117324
14.6322,3.418346047,0.000117234
14.6659,3.418336886,0.000117637
14.6997,3.418327731,0.000118365
14.7336,3.418318773,0.000119272
14.7676,3.418309703,0.000120288
14.8016,3.418300529,0.000121386
14.8358,3.418291414,0.000122558
14.87,3.418282211,0.000123802
14.9042,3.418272902,0.000125115
14.9386,3.418263437,0.000126498
14.973,3.418253624,0.000127954
15.0076,3.418243958,0.000129483
15.0421,3.418234078,0.000131089
15.0768,3.418223698,0.000132773
15.1116,3.418213438,0.00013453
15.1464,3.418202793,0.000136338
15.1813,3.418191916,0.000138146
15.2163,3.418181185,0.00013987
15.2514,3.418169328,0.000141447
15.2866,3.418157182,0.000142911
15.3218,3.418144064,0.000144406
15.3571,3.418130265,0.000146107
15.3925,3.418115085,0.000148113
15.428,3.418099516,0.000150423
15.4636,3.418082687,0.000152996
15.4992,3.418064662,0.000155815
15.535,3.418045263,0.000158903
15.5708,3.418023946,0.00016232
15.6067,3.418000781,0.000166149
15.6426,3.417974932,0.000170494
15.6787,3.417945912,0.000175484
15.7148,3.417912606,0.000181314
15.7511,3.417873176,0.000188451
15.7874,3.417824345,0.000198395
15.8238,3.4177625,0.000215549
15.8602,3.41768462,0.000249821
15.8968,3.417596046,0.000316609
15.9335,3.417515859,0.000428967
15.9702,3.417474409,0.0005833
16.007,3.417494402,0.000752325
16.0439,3.417574005,0.000898025
16.0809,3.41768531,0.000995923
16.118,3.417796103,0.00104748
16.1551,3.417888467,0.001071586
16.1923,3.417962628,0.001087852
16.2297,3.418027766,0.001106568
16.2671,3.418094304,0.001128243
16.3046,3.418167859,0.001147794
16.3422,3.418248749,0.001158925
16.3798,3.418333907,0.001157069
16.4176,3.418418197,0.001140749
16.4555,3.41849746,0.001111319
16.4934,3.418569699,0.001071349
16.5314,3.418633815,0.001022682
16.5695,3.418689741,0.000965791
16.6077,3.418734973,0.00090111
16.646,3.418766257,0.000830975
16.6844,3.418782522,0.000759975
16.7228,3.418784308,0.000693223
16.7614,3.418775555,0.000634238
16.8,3.418759968,0.000584169
16.8388,3.418741005,0.000542423
16.8776,3.418720301,0.000507703
16.9165,3.418699475,0.000478699
16.9555,3.418678627,0.00045435
16.9946,3.418658116,0.000433866
17.0337,3.418638136,0.000416672
17.073,3.418618542,0.000402358
17.1124,3.418599687,0.000390629
17.1518,3.418581103,0.000381266
17.1913,3.418563425,0.000374113
17.231,3.41854635,0.000369064
17.2707,3.418529823,0.000366069
17.3105,3.418514157,0.000365138
17.3504,3.418499448,0.000366345
17.3904,3.418485986,0.000369798
17.4305,3.418474064,0.000375546
17.4707,3.418464837,0.000383406
17.511,3.418459367,0.000392756
17.5513,3.418457568,0.000402413
17.5918,3.418459933,0.00041078
17.6323,3.418465181,0.000416303
17.673,3.418472094,0.000418076
17.7137,3.418478935,0.000416243
17.7546,3.418483804,0.000411909
17.7955,3.418486247,0.000406576
17.8365,3.418487088,0.00040146
17.8776,3.418486883,0.000397078
17.9188,3.418486953,0.000393302
17.9601,3.418486576,0.000389729
18.0015,3.418486543,0.000386063
18.043,3.418486357,0.000382265
18.0846,3.418486085,0.00037846
18.1263,3.418485401,0.00037476
18.1681,3.418484657,0.000371153
18.21,3.418484101,0.000367526
18.252,3.418483699,0.000363758
18.2941,3.418482722,0.000359801
18.3362,3.418481933,0.000355699
18.3785,3.418480459,0.000351559
18.4209,3.41847879,0.000347507
18.4633,3.418476808,0.000343651
18.5059,3.418474468,0.000340064
18.5485,3.418471997,0.000336782
18.5913,3.418469482,0.000333817
18.6342,3.41846685,0.000331161
18.6771,3.418464368,0.000328799
18.7202,3.418461756,0.000326715
18.7633,3.418459355,0.00032489
18.8066,3.418457358,0.000323304
18.8499,3.418455309,0.00032193
18.8934,3.418453303,0.000320732
18.9369,3.418451717,0.000319656
18.9806,3.418450604,0.00031863
19.0244,3.418449427,0.000317563
19.0682,3.418448761,0.000316355
19.1122,3.418448403,0.000314929
19.1562,3.418447832,0.000313266
19.2004,3.418446919,0.000311438
19.2446,3.418446127,0.000309591
19.289,3.418445145,0.000307877
19.3335,3.418444296,0.000306377
19.378,3.418443658,0.000305049
19.4227,3.418443169,0.000303753
19.4675,3.418442879,0.000302321
19.5124,3.418442992,0.000300626
19.5573,3.418443009,0.000298617
19.6024,3.418442996,0.000296316
19.6476,3.418442907,0.000293793
19.6929,3.418442638,0.000291145
19.7383,3.418441783,0.000288475
19.7838,3.418441013,0.000285871
19.8294,3.418440137,0.000283405
19.8751,3.418438909,0.000281124
19.9209,3.41843756,0.000279048
19.9669,3.418436541,0.000277173
20.0129,3.418435598,0.000275471
20.059,3.418434834,0.000273901
20.1053,3.418434131,0.000272409
20.1516,3.418433541,0.000270938
20.1981,3.418433591,0.000269428
20.2446,3.418433435,0.000267823
20.2913,3.418433797,0.000266074
20.3381,3.41843396,0.000264135
20.385,3.418434105,0.000261972
20.432,3.418434903,0.000259557
20.4791,3.418435397,0.000256872
20.5263,3.418436206,0.000253909
20.5736,3.418436379,0.000250667
20.621,3.418437032,0.000247159
20.6685,3.418437153,0.000243407
20.7162,3.41843691,0.000239443
20.7639,3.418436585,0.000235309
20.8118,3.41843589,0.000231053
20.8598,3.418435169,0.000226729
20.9079,3.418433954,0.000222392
20.9561,3.418432585,0.000218095
21.0044,3.418430674,0.000213887
21.0528,3.418428668,0.000209808
21.1013,3.418426462,0.00020589
21.15,3.418423849,0.000202153
21.1987,3.418421612,0.000198606
21.2476,3.418418811,0.000195248
21.2966,3.418416046,0.000192069
21.3457,3.418413551,0.000189054
21.3949,3.418410699,0.000186184
21.4442,3.418408009,0.00018344
21.4936,3.418405354,0.000180802
21.5432,3.418402614,0.000178255
21.5928,3.418399812,0.000175786
21.6426,3.418397383,0.000173388
21.6925,3.41839475,0.000171055
21.7425,3.41839197,0.000168785
21.7926,3.418389559,0.000166578
21.8429,3.418386802,0.000164432
21.8932,3.418384153,0.000162349
21.9437,3.418381411,0.000160326
21.9943,3.418378955,0.000158362
22.045,3.418376236,0.000156454
22.0958,3.418373677,0.000154596
22.1467,3.418371035,0.000152785
22.1978,3.418368671,0.000151013
22.249,3.418366212,0.000149276
22.3003,3.418363472,0.000147567
22.3517,3.418361146,0.000145882
22.4032,3.418358776,0.000144215
22.4548,3.418356466,0.000142562
22.5066,3.418353901,0.00014092
22.5585,3.418351427,0.000139287
22.6105,3.418349041,0.000137662
22.6626,3.418346573,0.000136046
22.7149,3.418344226,0.000134439
22.7672,3.41834159,0.000132843
22.8197,3.418339225,0.000131262
22.8723,3.418336842,0.000129698
22.925,3.418334228,0.000128156
22.9779,3.418331646,0.000126638
23.0308,3.418329068,0.000125147
23.0839,3.418326558,0.000123688
23.1372,3.418324007,0.000122262
23.1905,3.418321331,0.000120872
23.2439,3.41831871,0.000119519
23.2975,3.418316069,0.000118205
23.3512,3.418313412,0.000116931
23.4051,3.418310746,0.000115698
23.459,3.418308201,0.000114507
23.5131,3.418305521,0.000113359
23.5673,3.418302792,0.000112255
23.6216,3.418300121,0.000111196
23.6761,3.418297489,0.000110182
23.7307,3.4182949,0.000109213
23.7854,3.418292072,0.000108288
23.8402,3.418289642,0.000107407
23.8952,3.418286876,0.000106568
23.9502,3.4182842,0.00010577
24.0055,3.41828152,0.000105011
24.0608,3.418279071,0.000104289
24.1163,3.418276267,0.000103603
24.1718,3.418273723,0.000102951
24.2276,3.418271211,0.000102333
24.2834,3.418268437,0.000101745
24.3394,3.418266014,0.000101189
24.3955,3.418263456,0.000100663
24.4517,3.418260918,0.000100166
24.5081,3.41825831,9.97E-05
24.5646,3.418255614,9.93E-05
24.6212,3.418253297,9.88E-05
24.678,3.418250728,9.85E-05
24.7349,3.418248319,9.81E-05
24.7919,3.418245782,9.78E-05
24.8491,3.418243167,9.75E-05
24.9063,3.418240783,9.72E-05
24.9638,3.418238049,9.70E-05
25.0213,3.418235566,9.68E-05
25.079,3.418233207,9.66E-05
25.1368,3.41823061,9.65E-05
25.1947,3.418228149,9.64E-05
25.2528,3.418225679,9.64E-05
25.311,3.418223146,9.65E-05
25.3694,3.418220511,9.65E-05
25.4279,3.418218023,9.67E-05
25.4865,3.418215261,9.69E-05
25.5452,3.418212886,9.71E-05
25.6041,3.418210152,9.75E-05
25.6631,3.418207544,9.80E-05
25.7223,3.418204881,9.86E-05
25.7816,3.418202161,9.94E-05
25.841,3.418199603,0.000100495
25.9006,3.418197144,0.000101826
25.9603,3.418194886,0.000103424
26.0202,3.418193054,0.000105246
26.0801,3.418191329,0.000107204
26.1403,3.418190308,0.000109172
26.2005,3.418189607,0.000111007
26.2609,3.418189295,0.000112576
26.3215,3.41818934,0.000113783
26.3821,3.41818932,0.000114586
26.4429,3.418189341,0.000114996
26.5039,3.418189587,0.00011507
26.565,3.418189238,0.000114887
26.6262,3.418189106,0.000114535
26.6876,3.418188499,0.000114089
26.7491,3.418187895,0.000113608
26.8108,3.41818693,0.000113131
26.8726,3.418186205,0.000112679
26.9346,3.418185198,0.000112261
26.9967,3.418184064,0.00011188
27.0589,3.418182868,0.000111533
27.1213,3.418181897,0.000111217
27.1838,3.418180671,0.000110928
27.2464,3.418179458,0.000110663
27.3093,3.418178165,0.00011042
27.3722,3.418177073,0.000110198
27.4353,3.418175784,0.000109994
27.4986,3.418174591,0.000109806
27.5619,3.418173338,0.000109635
27.6255,3.418172125,0.000109479
27.6892,3.418170803,0.000109336
27.753,3.418169757,0.000109206
27.817,3.418168354,0.000109088
27.8811,3.418167188,0.000108982
27.9454,3.418165817,0.000108886
28.0098,3.418164617,0.0001088
28.0744,3.41816351,0.000108723
28.1391,3.418162117,0.000108655
28.2039,3.418160996,0.000108595
28.269,3.418159789,0.000108543
28.3341,3.418158509,0.000108499
28.3994,3.418157415,0.000108464
28.4649,3.41815613,0.000108436
28.5305,3.418154927,0.000108416
28.5963,3.418153767,0.000108404
28.6622,3.418152685,0.000108401
28.7283,3.418151362,0.000108406
28.7945,3.418150351,0.00010842
28.8609,3.418148826,0.000108444
28.9274,3.418147899,0.000108476
28.9941,3.418146625,0.000108519
29.061,3.418145377,0.000108572
29.1279,3.418144177,0.000108636
29.1951,3.418142929,0.000108711
29.2624,3.418141958,0.000108799
29.3299,3.4181409,0.000108901
29.3975,3.418139643,0.000109018
29.4652,3.418138544,0.000109152
29.5332,3.418137208,0.000109304
29.6012,3.418136232,0.000109475
29.6695,3.418135004,0.000109666
29.7379,3.418133959,0.000109877
29.8064,3.418132706,0.000110104
29.8751,3.418131852,0.000110344
29.944,3.418130616,0.000110589
30.013,3.418129599,0.000110831
30.0822,3.418128836,0.000111062
30.1516,3.418127778,0.000111274
30.2211,3.418126831,0.000111461
30.2907,3.418125913,0.000111621
30.3606,3.418124917,0.000111758
30.4306,3.418123761,0.000111881
30.5007,3.41812292,0.000112004
30.571,3.418121732,0.000112141
30.6415,3.418120704,0.000112309
30.7121,3.418119537,0.000112524
30.7829,3.418118201,0.000112798
30.8539,3.418116972,0.000113141
30.925,3.418115785,0.000113561
30.9963,3.418114404,0.000114062
31.0678,3.418113496,0.000114649
31.1394,3.418112175,0.000115331
31.2112,3.418111187,0.000116114
31.2831,3.418109879,0.000117009
31.3552,3.418108957,0.000118026
31.4275,3.418108133,0.000119165
31.5,3.418107408,0.000120414
31.5726,3.418107048,0.000121737
31.6453,3.418107162,0.000123073
31.7183,3.418107108,0.000124333
31.7914,3.418107625,0.000125418
31.8647,3.418108463,0.00012623
31.9382,3.418109436,0.000126696
32.0118,3.418110308,0.000126786
32.0856,3.418110986,0.00012652
32.1595,3.418111712,0.00012596
32.2337,3.418112027,0.000125199
32.308,3.418111986,0.000124335
32.3825,3.418111728,0.000123455
32.4571,3.418111275,0.000122626
32.5319,3.418110937,0.000121886
32.6069,3.418110322,0.00012125
32.6821,3.418109573,0.000120719
32.7574,3.418108675,0.000120282
32.8329,3.418107887,0.000119924
32.9086,3.41810696,0.00011963
32.9845,3.418106344,0.00011939
33.0605,3.418105678,0.000119191
33.1367,3.41810477,0.000119028
33.2131,3.418104,0.000118892
33.2897,3.418103335,0.00011878
33.3664,3.418102775,0.000118687
33.4434,3.418101792,0.000118611
33.5205,3.418101105,0.000118549
33.5977,3.418100531,0.000118498
33.6752,3.418099801,0.000118458
33.7528,3.418099144,0.000118427
33.8306,3.418098356,0.000118403
33.9086,3.418097868,0.000118387
33.9868,3.418097211,0.000118376
34.0651,3.418096268,0.000118371
34.1436,3.418095932,0.00011837
34.2224,3.418095119,0.000118374
34.3012,3.418094393,0.000118381
34.3803,3.418093734,0.000118392
34.4596,3.418093337,0.000118405
34.539,3.418092849,0.000118421
34.6186,3.418092156,0.00011844
34.6984,3.418091367,0.00011846
34.7784,3.418090774,0.000118481
34.8586,3.41809014,0.000118505
34.939,3.418089635,0.000118529
35.0195,3.41808915,0.000118555
35.1002,3.418088291,0.000118582
35.1811,3.418087949,0.000118609
35.2622,3.418087369,0.000118638
35.3435,3.418086577,0.000118667
35.425,3.418085886,0.000118697
35.5067,3.418085525,0.000118727
35.5885,3.41808491,0.000118758
35.6706,3.418084436,0.000118789
35.7528,3.418083824,0.00011882
35.8352,3.418083359,0.000118851
35.9178,3.418082738,0.000118883
36.0006,3.418082124,0.000118914
36.0836,3.418081781,0.000118945
36.1668,3.418081037,0.000118976
36.2502,3.418080662,0.000119007
36.3337,3.418079998,0.000119037
36.4175,3.418079575,0.000119067
36.5014,3.418078905,0.000119097
36.5856,3.418078391,0.000119127
36.6699,3.418078014,0.000119157
36.7544,3.418077258,0.000119188
36.8392,3.418076555,0.00011922
36.9241,3.418076115,0.000119255
37.0092,3.418075418,0.000119292
37.0945,3.418074983,0.000119335
37.18,3.418074437,0.000119383
37.2658,3.418073969,0.000119439
37.3517,3.418073425,0.000119504
37.4378,3.418072913,0.00011958
37.5241,3.418072126,0.000119666
37.6106,3.418071665,0.000119762
37.6973,3.418071107,0.000119867
37.7842,3.41807057,0.00011998
37.8713,3.418070095,0.000120099
37.9586,3.418069291,0.00012022
38.0461,3.418069287,0.000120341
38.1338,3.4180686,0.000120459
38.2217,3.418068067,0.000120573
38.3098,3.418067643,0.00012068
38.3981,3.41806728,0.000120779
38.4866,3.418066919,0.000120869
38.5754,3.418066267,0.000120949
38.6643,3.418065634,0.00012102
38.7534,3.418065302,0.000121081
38.8427,3.41806508,0.000121134
38.9323,3.418064486,0.00012118
39.022,3.418064184,0.000121219
39.112,3.418063626,0.000121255
39.2021,3.418063043,0.000121289
39.2925,3.418062724,0.000121325
39.3831,3.418062022,0.000121367
39.4739,3.418061615,0.000121418
39.5649,3.418061072,0.000121483
39.6561,3.418060386,0.000121566
39.7475,3.418059856,0.000121669
39.8391,3.418059501,0.000121795
39.931,3.418058934,0.000121944
40.023,3.418058116,0.000122116
40.1153,3.41805782,0.000122305
40.2078,3.418057326,0.000122508
40.3004,3.418056616,0.000122716
40.3934,3.418056419,0.000122922
40.4865,3.418056175,0.000123116
40.5798,3.418055516,0.000123291
40.6733,3.418055358,0.000123441
40.7671,3.418054828,0.000123562
40.8611,3.418054584,0.000123652
40.9553,3.418054098,0.000123716
41.0497,3.418053643,0.000123757
41.1443,3.41805325,0.000123783
41.2392,3.418052827,0.000123803
41.3342,3.418052217,0.000123825
41.4295,3.418051906,0.000123857
41.525,3.418051258,0.000123907
41.6207,3.418050569,0.000123981
41.7167,3.418049924,0.000124083
41.8129,3.418049498,0.000124214
41.9092,3.418048914,0.000124377
42.0059,3.418048317,0.000124572
42.1027,3.418047675,0.000124797
42.1998,3.418046937,0.00012505
42.297,3.418046344,0.000125328
42.3945,3.418045926,0.00012563
42.4923,3.418045317,0.00012595
42.5902,3.418044913,0.000126288
42.6884,3.418044351,0.000126638
42.7868,3.418043835,0.000126998
42.8854,3.418043295,0.000127367
42.9843,3.418042892,0.000127741
43.0834,3.418042306,0.000128119
43.1827,3.418041869,0.000128501
43.2823,3.418041359,0.000128884
43.382,3.418041258,0.000129269
43.482,3.418040751,0.000129654
43.5823,3.418040552,0.00013004
43.6827,3.418040205,0.000130427
43.7834,3.418039778,0.000130813
43.8844,3.418039244,0.0001312
43.9855,3.418038852,0.000131587
44.0869,3.418038935,0.000131973
44.1886,3.418038217,0.00013236
44.2904,3.418038107,0.000132746
44.3925,3.418037955,0.000133132
44.4949,3.418037454,0.000133518
44.5974,3.418037145,0.000133904
44.7002,3.418036862,0.000134289
44.8033,3.418036495,0.000134674
44.9066,3.418036264,0.000135059
45.0101,3.418035975,0.000135444
45.1138,3.418035847,0.000135828
45.2178,3.418035547,0.000136213
45.3221,3.418035305,0.000136597
45.4266,3.418034855,0.000136981
45.5313,3.418034858,0.000137365
45.6362,3.418034756,0.000137748
45.7414,3.418034631,0.000138132
45.8469,3.418034381,0.000138515
45.9526,3.41803394,0.000138898
46.0585,3.418033821,0.000139281
46.1647,3.41803367,0.000139665
46.2711,3.418033296,0.000140048
46.3778,3.418033102,0.000140431
46.4847,3.418032905,0.000140814
46.5918,3.418032896,0.000141198
46.6992,3.418032709,0.000141582
46.8069,3.418032583,0.000141966
46.9148,3.41803216,0.000142351
47.023,3.418032148,0.000142737
47.1313,3.418031967,0.000143124
47.24,3.418031822,0.000143512
47.3489,3.418031626,0.000143901
47.458,3.418031629,0.000144293
47.5675,3.418031278,0.000144687
47.6771,3.418031118,0.000145085
47.787,3.418031043,0.000145486
47.8972,3.418030588,0.000145891
48.0076,3.418030736,0.0001463
48.1183,3.41803052,0.000146716
48.2292,3.418030349,0.000147137
48.3404,3.418030255,0.000147564
48.4518,3.418029953,0.000147998
48.5635,3.418029885,0.00014844
48.6754,3.418029874,0.000148888
48.7876,3.418029861,0.000149343
48.9001,3.418029751,0.000149806
49.0128,3.418029581,0.000150274
49.1258,3.418029524,0.00015075
49.2391,3.418029362,0.000151231
49.3526,3.418029313,0.000151717
49.4664,3.418029306,0.000152208
49.5804,3.418029401,0.000152702
49.6947,3.41802916,0.0001532
49.8092,3.418029155,0.000153701
49.9241,3.418029024,0.000154203
50.0391,3.418029074,0.000154708
50.1545,3.41802897,0.000155213
50.2701,3.418029171,0.000155719
50.386,3.418028809,0.000156226
50.5022,3.418029253,0.000156732
50.6186,3.418029256,0.000157239
50.7353,3.418029343,0.000157745
50.8522,3.418029312,0.000158251
50.9694,3.418029409,0.000158756
51.0869,3.418029387,0.000159261
51.2047,3.418029691,0.000159765
51.3227,3.418029762,0.000160268
51.4411,3.418029758,0.000160771
51.5596,3.418030013,0.000161272
51.6785,3.418030008,0.000161773
51.7976,3.418029906,0.000162273
51.917,3.418030032,0.000162772
52.0367,3.418030459,0.00016327
52.1567,3.418030318,0.000163768
52.2769,3.418030619,0.000164264
52.3974,3.418030941,0.00016476
52.5182,3.418031114,0.000165254
52.6393,3.418031245,0.000165748
52.7606,3.418031508,0.000166241
52.8822,3.418031643,0.000166734
53.0042,3.418032045,0.000167225
53.1263,3.418032105,0.000167715
53.2488,3.418032426,0.000168205
53.3716,3.418032354,0.000168694
53.4946,3.418032806,0.000169181
53.6179,3.418033039,0.000169668
53.7415,3.418033436,0.000170154
53.8654,3.418033635,0.000170639
53.9896,3.418033757,0.000171123
54.114,3.418033921,0.000171606
54.2388,3.418034255,0.000172088
54.3638,3.418034216,0.000172569
54.4891,3.418034852,0.000173048
54.6147,3.418035493,0.000173526
54.7406,3.418035456,0.000174003
54.8668,3.418036184,0.000174479
54.9933,3.418036015,0.000174953
55.1201,3.418036403,0.000175426
55.2471,3.418036854,0.000175897
55.3745,3.418037632,0.000176366
55.5022,3.418037835,0.000176834
55.6301,3.418038175,0.0001773
55.7583,3.418038573,0.000177764
55.8869,3.418038981,0.000178226
56.0157,3.418039205,0.000178686
56.1448,3.418039686,0.000179144
56.2743,3.418040452,0.000179599
56.404,3.418040708,0.000180053
56.534,3.418041105,0.000180504
56.6643,3.418041362,0.000180952
56.795,3.418041979,0.000181398
56.9259,3.418042538,0.000181842
57.0571,3.418042835,0.000182283
57.1887,3.418043566,0.000182721
57.3205,3.418043855,0.000183157
57.4526,3.418044058,0.00018359
57.5851,3.418045074,0.00018402
57.7178,3.418045502,0.000184448
57.8509,3.418046079,0.000184872
57.9842,3.418046551,0.000185293
58.1179,3.418047171,0.000185712
58.2519,3.418047655,0.000186128
58.3862,3.418048411,0.00018654
58.5207,3.418049088,0.00018695
58.6557,3.418049367,0.000187357
58.7909,3.41804985,0.00018776
58.9264,3.418050571,0.000188161
59.0622,3.41805116,0.000188559
59.1984,3.418051926,0.000188955
59.3349,3.41805272,0.000189348
59.4716,3.418053068,0.000189738
59.6087,3.418053881,0.000190127
59.7461,3.418054299,0.000190514
59.8839,3.418054869,0.0001909
60.0219,3.418056002,0.000191285
60.1603,3.41805656,0.000191671
60.299,3.418057303,0.000192058
60.438,3.418058057,0.000192447
60.5773,3.418058703,0.00019284
60.7169,3.418059665,0.000193239
60.8569,3.418060064,0.000193645
60.9972,3.418060848,0.000194061
61.1378,3.418061643,0.000194487
61.2787,3.418062297,0.000194928
61.42,3.418063152,0.000195384
61.5616,3.418064029,0.000195858
61.7035,3.418064873,0.000196352
61.8458,3.418065621,0.000196867
61.9883,3.418066145,0.000197403
62.1312,3.418067404,0.000197961
62.2744,3.418068187,0.000198538
62.418,3.418069306,0.000199133
62.5619,3.418070362,0.000199742
62.7061,3.418071429,0.000200359
62.8507,3.418072815,0.000200976
62.9956,3.418074197,0.000201584
63.1408,3.418075747,0.000202174
63.2863,3.418076988,0.000202734
63.4322,3.418078472,0.000203248
63.5784,3.418080718,0.000203705
63.725,3.418082547,0.000204088
63.8719,3.418084198,0.000204384
64.0191,3.418086191,0.000204577
64.1667,3.41808844,0.000204653
64.3146,3.41809052,0.000204601
64.4629,3.418092746,0.000204409
64.6115,3.418094572,0.000204068
64.7605,3.418097136,0.000203572
64.9097,3.418099418,0.000202916
65.0594,3.418101478,0.0002021
65.2094,3.418103879,0.000201123
65.3597,3.418106222,0.00019999
65.5103,3.418108351,0.000198706
65.6614,3.41811007,0.000197279
65.8127,3.418112257,0.000195719
65.9644,3.418114266,0.000194037
66.1165,3.41811555,0.000192247
66.2689,3.418116985,0.000190363
66.4217,3.418118544,0.000188399
66.5748,3.418119585,0.00018637
66.7283,3.41812088,0.000184294
66.8821,3.418121608,0.000182185
67.0363,3.418122764,0.000180061
67.1908,3.418122993,0.000177937
67.3457,3.418123688,0.00017583
67.5009,3.418124372,0.000173754
67.6566,3.418124288,0.000171725
67.8125,3.418124467,0.000169755
67.9688,3.41812451,0.000167857
68.1255,3.418123976,0.00016604
68.2826,3.418123965,0.000164314
68.44,3.418123046,0.000162684
68.5978,3.418123263,0.000161154
68.7559,3.418122753,0.000159725
68.9144,3.418122086,0.000158395
69.0732,3.418121696,0.000157161
69.2325,3.418121422,0.000156017
69.3921,3.418120468,0.000154954
69.552,3.418120298,0.000153963
69.7124,3.418119528,0.000153032
69.8731,3.418119387,0.000152152
70.0342,3.418118988,0.000151311
70.1956,3.418118728,0.000150499
70.3574,3.418118128,0.000149706
70.5196,3.418117796,0.000148925
70.6822,3.418117115,0.00014815
70.8451,3.418117394,0.000147377
71.0084,3.418116961,0.000146604
71.1721,3.418116477,0.000145833
71.3362,3.418116104,0.000145064
71.5006,3.418115891,0.000144302
71.6655,3.418115552,0.000143552
71.8307,3.418114914,0.00014282
71.9963,3.418114509,0.000142111
72.1622,3.418113586,0.000141432
72.3286,3.418113509,0.00014079
72.4953,3.418112854,0.000140188
72.6624,3.418112188,0.000139633
72.8299,3.418112294,0.000139128
72.9978,3.418111013,0.000138674
73.1661,3.418110556,0.000138273
73.3348,3.418109957,0.000137926
73.5038,3.418108924,0.000137632
73.6733,3.418108644,0.000137388
73.8431,3.418108013,0.000137193
74.0133,3.418107227,0.000137042
74.1839,3.418106881,0.000136934
74.3549,3.418105907,0.000136863
74.5264,3.418105831,0.000136827
74.6982,3.41810515,0.000136822
74.8704,3.418104652,0.000136844
75.0429,3.41810425,0.00013689
75.2159,3.418103456,0.00013696
75.3893,3.418103413,0.00013705
75.5631,3.41810273,0.00013716
75.7373,3.418102052,0.00013729
75.9119,3.418102613,0.000137439
76.0869,3.418101791,0.00013761
76.2623,3.41810167,0.000137803
76.4381,3.418101116,0.000138022
76.6143,3.418099978,0.000138268
76.7909,3.418100542,0.000138545
76.9679,3.418100414,0.000138856
77.1454,3.418099815,0.000139203
77.3232,3.418098993,0.00013959
77.5015,3.418099863,0.00014002
77.6801,3.418099242,0.000140495
77.8592,3.418098871,0.000141017
78.0387,3.418098409,0.000141586
78.2186,3.418098257,0.000142204
78.3989,3.418098284,0.000142868
78.5796,3.418098368,0.000143578
78.7608,3.418098774,0.00014433
78.9423,3.418098063,0.000145121
79.1243,3.418099106,0.000145946
79.3067,3.418098345,0.000146799
79.4895,3.418098916,0.000147672
79.6728,3.41809955,0.000148558
79.8564,3.418099934,0.000149449
80.0405,3.418100907,0.000150334
80.225,3.418102563,0.000151204
80.41,3.41810286,0.000152049
80.5953,3.418103398,0.000152859
80.7811,3.418104914,0.000153622
80.9673,3.418105379,0.00015433
81.154,3.418106379,0.000154972
81.3411,3.418108372,0.00015554
81.5286,3.418110021,0.000156024
81.7165,3.418110671,0.000156417
81.9049,3.418113179,0.000156712
82.0937,3.418114934,0.000156904
82.283,3.41811606,0.000156987
82.4726,3.418117059,0.00015696
82.6628,3.418118381,0.000156819
82.8533,3.41812106,0.000156563
83.0443,3.418122087,0.000156194
83.2357,3.418123439,0.000155712
83.4276,3.418124954,0.000155119
83.6199,3.418127127,0.00015442
83.8127,3.418128856,0.00015362
84.0059,3.418130932,0.000152722
84.1996,3.418132039,0.000151735
84.3937,3.418133184,0.000150663
84.5882,3.41813495,0.000149515
84.7832,3.418135182,0.000148298
84.9787,3.418137438,0.00014702
85.1746,3.418137344,0.000145688
85.3709,3.418139526,0.000144311
85.5677,3.418139978,0.000142897
85.765,3.418140786,0.000141452
85.9627,3.418142429,0.000139986
86.1608,3.418141744,0.000138504
86.3595,3.418142446,0.000137013
86.5585,3.418144278,0.00013552
86.7581,3.418143647,0.000134031
86.9581,3.418144023,0.00013255
87.1585,3.418144573,0.000131083
87.3594,3.418144413,0.000129634
87.5608,3.418145741,0.000128207
87.7627,3.418144411,0.000126805
87.965,3.418144861,0.00012543
88.1678,3.418144501,0.000124085
88.371,3.418145295,0.000122772
88.5747,3.418145336,0.000121492
88.7789,3.418145233,0.000120247
88.9836,3.418144763,0.000119037
89.1887,3.418144893,0.000117862
89.3943,3.418144135,0.000116723
89.6004,3.418143707,0.00011562
89.8069,3.418144248,0.000114551
90.014,3.418143473,0.000113518
90.2215,3.418142711,0.000112518
90.4294,3.418143398,0.000111551
90.6379,3.418142546,0.000110617
90.8469,3.418141735,0.000109714
91.0563,3.418142096,0.000108841
91.2662,3.418141012,0.000107997
91.4766,3.418141805,0.000107182
91.6874,3.418140043,0.000106393
91.8988,3.418139321,0.000105631
92.1107,3.418140205,0.000104893
92.323,3.418140397,0.000104178
92.5358,3.418139515,0.000103487
92.7491,3.418139415,0.000102816
92.9629,3.418139431,0.000102167
93.1772,3.41813747,0.000101537
93.392,3.418137829,0.000100926
93.6073,3.418137484,0.000100332
93.8231,3.41813648,9.98E-05
94.0394,3.418137723,9.92E-05
94.2562,3.418136341,9.87E-05
94.4735,3.418134732,9.81E-05
94.6913,3.41813525,9.76E-05
94.9095,3.418134157,9.71E-05
95.1283,3.418134539,9.66E-05
95.3476,3.418135334,9.61E-05
95.5674,3.418135284,9.57E-05
95.7877,3.418133597,9.52E-05
96.0085,3.418133378,9.48E-05
96.2299,3.418133111,9.43E-05
96.4517,3.418132275,9.39E-05
96.674,3.41813183,9.35E-05
96.8969,3.418132279,9.31E-05
97.1203,3.418132328,9.27E-05
97.3442,3.418131302,9.23E-05
97.5686,3.418131415,9.19E-05
97.7935,3.418130653,9.16E-05
98.0189,3.418131324,9.12E-05
98.2449,3.418129736,9.08E-05
98.4713,3.418131341,9.05E-05
98.6983,3.418130532,9.01E-05
98.9259,3.418129463,8.98E-05
99.1539,3.418129352,8.95E-05
99.3825,3.418127765,8.91E-05
99.6116,3.418129204,8.88E-05
99.8412,3.418128268,8.85E-05
100.071,3.418127123,8.82E-05
100.302,3.418128559,8.79E-05
100.533,3.418128565,8.76E-05
100.765,3.418128845,8.73E-05
100.997,3.418127281,8.70E-05
101.23,3.418128023,8.68E-05
101.464,3.418128201,8.65E-05
101.697,3.418126136,8.62E-05
101.932,3.418126419,8.59E-05
102.167,3.418126398,8.57E-05
102.402,3.41812569,8.54E-05
102.638,3.418125301,8.52E-05
102.875,3.418124609,8.49E-05
103.112,3.418127121,8.47E-05
103.35,3.418125209,8.44E-05
103.588,3.41812333,8.42E-05
103.827,3.418125186,8.39E-05
104.066,3.418124728,8.37E-05
104.306,3.418123276,8.35E-05
104.547,3.418123819,8.32E-05
104.788,3.418122261,8.30E-05
105.029,3.418125471,8.28E-05
105.271,3.418123689,8.26E-05
105.514,3.418124743,8.24E-05
105.757,3.418123555,8.21E-05
106.001,3.418121548,8.19E-05
106.245,3.418121012,8.17E-05
106.49,3.418122805,8.15E-05
106.736,3.418124374,8.13E-05
106.982,3.418120445,8.11E-05
107.228,3.418120384,8.09E-05
107.476,3.418122669,8.07E-05
107.723,3.418121825,8.05E-05
107.972,3.418121915,8.03E-05
108.221,3.418121438,8.01E-05
108.47,3.418122292,8.00E-05
108.72,3.418119926,7.98E-05
108.971,3.418120136,7.96E-05
109.222,3.418119463,7.94E-05
109.474,3.418119561,7.92E-05
109.726,3.418120043,7.91E-05
109.979,3.418119723,7.89E-05
110.233,3.418119498,7.87E-05
110.487,3.418119358,7.85E-05
110.741,3.418121163,7.84E-05
110.997,3.418120027,7.82E-05
111.253,3.418120152,7.80E-05
111.509,3.418119497,7.79E-05
111.766,3.418119375,7.77E-05
112.024,3.418117371,7.75E-05
112.282,3.418119883,7.74E-05
112.541,3.418118166,7.72E-05
112.8,3.418120271,7.71E-05
113.06,3.418116661,7.69E-05
113.321,3.418120442,7.68E-05
113.582,3.41811705,7.66E-05
113.844,3.418118116,7.65E-05
114.106,3.418118223,7.63E-05
114.369,3.418117719,7.62E-05
114.633,3.418116868,7.60E-05
114.897,3.418117624,7.59E-05
115.162,3.418116822,7.57E-05
115.428,3.418116384,7.56E-05
115.694,3.418117963,7.54E-05
115.96,3.418116489,7.53E-05
116.228,3.418115571,7.52E-05
116.496,3.41811488,7.50E-05
116.764,3.418117984,7.49E-05
117.033,3.41811442,7.47E-05
117.303,3.418115163,7.46E-05
117.574,3.41811429,7.45E-05
117.845,3.41811699,7.43E-05
118.116,3.418115102,7.42E-05
118.389,3.418117436,7.41E-05
118.662,3.418117346,7.39E-05
118.935,3.41811575,7.38E-05
119.209,3.41811424,7.37E-05
119.484,3.418115895,7.35E-05
119.759,3.418116547,7.34E-05
120.036,3.418114784,7.33E-05
120.312,3.418114938,7.32E-05
120.59,3.418113722,7.30E-05
120.868,3.418113199,7.29E-05
121.146,3.418114841,7.28E-05
121.425,3.418114607,7.27E-05
121.705,3.418113329,7.25E-05
121.986,3.418115905,7.24E-05
122.267,3.418113495,7.23E-05
122.549,3.418113065,7.22E-05
122.832,3.418116161,7.20E-05
123.115,3.418114088,7.19E-05
123.398,3.418116738,7.18E-05
123.683,3.418113403,7.17E-05
123.968,3.418112485,7.16E-05
124.254,3.418115431,7.14E-05
124.54,3.418112181,7.13E-05
124.827,3.418111715,7.12E-05
125.115,3.418111763,7.11E-05
125.404,3.418116018,7.10E-05
125.693,3.418113653,7.08E-05
125.982,3.418115875,7.07E-05
126.273,3.418114376,7.06E-05
126.564,3.418112646,7.05E-05
126.856,3.418114371,7.04E-05
127.148,3.418112981,7.03E-05
127.441,3.418116895,7.01E-05
127.735,3.418114561,7.00E-05
128.029,3.418111996,6.99E-05
128.325,3.418114632,6.98E-05
128.62,3.418113002,6.97E-05
128.917,3.41811321,6.96E-05
129.214,3.418112985,6.95E-05
129.512,3.41811328,6.93E-05
129.811,3.418112538,6.92E-05
130.11,3.418110768,6.91E-05
130.41,3.418111366,6.90E-05
130.71,3.418113053,6.89E-05
131.012,3.418112464,6.88E-05
131.314,3.418113563,6.87E-05
131.616,3.418112179,6.85E-05
131.92,3.418109868,6.84E-05
132.224,3.418111973,6.83E-05
132.529,3.418111553,6.82E-05
132.834,3.418112147,6.81E-05
133.14,3.418110156,6.80E-05
133.447,3.418115069,6.79E-05
133.755,3.418112318,6.78E-05
134.063,3.418114858,6.76E-05
134.372,3.418108549,6.75E-05
134.682,3.418108254,6.74E-05
134.993,3.418111226,6.73E-05
135.304,3.41811548,6.72E-05
135.616,3.418112011,6.71E-05
135.928,3.418112407,6.70E-05
136.242,3.418111136,6.69E-05
136.556,3.418111633,6.67E-05
136.871,3.418111391,6.66E-05
137.186,3.41810857,6.65E-05
137.502,3.418110307,6.64E-05
137.819,3.418112573,6.63E-05
138.137,3.418111329,6.62E-05
138.455,3.418109979,6.61E-05
138.775,3.418110476,6.60E-05
139.094,3.418110524,6.59E-05
139.415,3.418111768,6.58E-05
139.737,3.418108642,6.57E-05
140.059,3.41810961,6.56E-05
140.382,3.418110761,6.55E-05
140.705,3.4181087,6.54E-05
141.029,3.418113996,6.53E-05
141.355,3.41811288,6.52E-05
141.68,3.418108581,6.51E-05
142.007,3.41811341,6.50E-05
142.334,3.418111805,6.49E-05
142.663,3.418108464,6.48E-05
142.991,3.418109308,6.47E-05
143.321,3.41811083,6.46E-05
143.651,3.418108619,6.45E-05
143.983,3.418106024,6.44E-05
144.314,3.418112352,6.43E-05
144.647,3.418110395,6.42E-05
144.981,3.418103888,6.41E-05
145.315,3.418107331,6.40E-05
145.65,3.418108266,6.39E-05
145.986,3.418110653,6.39E-05
146.322,3.418112005,6.38E-05
146.659,3.418109252,6.37E-05
146.997,3.418107337,6.36E-05
147.336,3.418113195,6.35E-05
147.676,3.418111196,6.34E-05
148.016,3.418106897,6.34E-05
148.358,3.418108992,6.33E-05
148.7,3.418108693,6.32E-05
149.042,3.418108498,6.31E-05
149.386,3.418107241,6.31E-05
149.73,3.418109387,6.30E-05
150.076,3.418104055,6.29E-05
150.421,3.418110774,6.29E-05
150.768,3.418107934,6.28E-05
151.116,3.418105769,6.27E-05
151.464,3.418112681,6.27E-05
151.813,3.41810852,6.26E-05
152.163,3.418104682,6.25E-05
152.514,3.418109563,6.25E-05
152.866,3.418106657,6.24E-05
153.218,3.418112402,6.23E-05
153.571,3.418111151,6.23E-05
153.925,3.418113392,6.22E-05
154.28,3.418107721,6.22E-05
154.636,3.418104635,6.21E-05
154.992,3.418109553,6.21E-05
155.35,3.418106462,6.20E-05
155.708,3.418106039,6.20E-05
156.067,3.418107904,6.19E-05
156.426,3.418105522,6.19E-05
156.787,3.418109829,6.18E-05
157.148,3.418105231,6.18E-05
157.511,3.418107089,6.17E-05
157.874,3.418102504,6.17E-05
158.238,3.418101612,6.16E-05
158.602,3.41810479,6.16E-05
158.968,3.418109138,6.15E-05
159.335,3.418107599,6.15E-05
159.702,3.418107824,6.14E-05
160.07,3.41810253,6.14E-05
160.439,3.418106876,6.14E-05
160.809,3.418108499,6.13E-05
161.18,3.418104759,6.13E-05
161.551,3.418103395,6.12E-05
161.923,3.418114487,6.12E-05
162.297,3.418106111,6.12E-05
162.671,3.418106293,6.11E-05
163.046,3.418102168,6.11E-05
163.422,3.418099416,6.11E-05
163.798,3.418106537,6.10E-05
164.176,3.418113046,6.10E-05
164.555,3.418108116,6.09E-05
164.934,3.418107868,6.09E-05
165.314,3.418103653,6.09E-05
165.695,3.418101578,6.08E-05
166.077,3.418109577,6.08E-05
166.46,3.418106288,6.08E-05
166.844,3.418108494,6.07E-05
167.228,3.418101753,6.07E-05
167.614,3.418102129,6.07E-05
168,3.418108114,6.06E-05
168.388,3.4181041,6.06E-05
168.776,3.418105624,6.06E-05
169.165,3.418105075,6.06E-05
169.555,3.41810497,6.05E-05
169.946,3.418106157,6.05E-05
170.337,3.41810475,6.05E-05
170.73,3.418103773,6.04E-05
171.124,3.418109484,6.04E-05
171.518,3.418101468,6.04E-05
171.913,3.418114125,6.04E-05
172.31,3.418106628,6.03E-05
172.707,3.418103691,6.03E-05
173.105,3.418097977,6.03E-05
173.504,3.418106912,6.02E-05
173.904,3.418109054,6.02E-05
174.305,3.418099274,6.02E-05
174.707,3.418107246,6.02E-05
175.11,3.418109829,6.01E-05
175.513,3.418106392,6.01E-05
175.918,3.418096787,6.01E-05
176.323,3.418108107,6.01E-05
176.73,3.418101572,6.00E-05
177.137,3.418096962,6.00E-05
177.546,3.418108516,6.00E-05
177.955,3.418102938,6.00E-05
178.365,3.418101686,5.99E-05
178.776,3.418100958,5.99E-05
179.188,3.418105212,5.99E-05
179.601,3.418096812,5.99E-05
180.015,3.418107032,5.98E-05
180.43,3.418108752,5.98E-05
180.846,3.418109067,5.98E-05
181.263,3.418107887,5.98E-05
181.681,3.41809915,5.97E-05
182.1,3.418103894,5.97E-05
182.52,3.418107383,5.97E-05
182.941,3.418106447,5.97E-05
183.362,3.418113499,5.96E-05
183.785,3.41810408,5.96E-05
184.209,3.418098288,5.96E-05
184.633,3.418105009,5.96E-05
185.059,3.41810521,5.96E-05
185.485,3.418101689,5.95E-05
185.913,3.418101061,5.95E-05
186.342,3.41810755,5.95E-05
186.771,3.41810784,5.95E-05
187.202,3.418102504,5.94E-05
187.633,3.418105411,5.94E-05
188.066,3.418100834,5.94E-05
188.499,3.418107294,5.94E-05
188.934,3.418112931,5.94E-05
189.369,3.418112102,5.93E-05
189.806,3.418106344,5.93E-05
190.244,3.418114466,5.93E-05
190.682,3.418103437,5.93E-05
191.122,3.418098978,5.93E-05
191.562,3.418102366,5.92E-05
192.004,3.418101587,5.92E-05
192.446,3.418109677,5.92E-05
192.89,3.418105268,5.92E-05
193.335,3.418109403,5.92E-05
193.78,3.418104156,5.91E-05
194.227,3.418116089,5.91E-05
194.675,3.41810745,5.91E-05
195.124,3.418107321,5.91E-05
195.573,3.418101141,5.91E-05
196.024,3.41809907,5.91E-05
196.476,3.418103925,5.90E-05
196.929,3.418103017,5.90E-05
197.383,3.418102533,5.90E-05
197.838,3.418114455,5.90E-05
198.294,3.418103318,5.90E-05
198.751,3.418106808,5.90E-05
199.209,3.418107241,5.89E-05
199.669,3.418096452,5.89E-05
200.129,3.418105876,5.89E-05
200.59,3.41810152,5.89E-05
201.053,3.418099347,5.89E-05
201.516,3.418106175,5.89E-05
201.981,3.418105146,5.88E-05
202.446,3.41810817,5.88E-05
202.913,3.41810664,5.88E-05
203.381,3.418094905,5.88E-05
203.85,3.418097473,5.88E-05
204.32,3.418111246,5.88E-05
204.791,3.418103141,5.87E-05
205.263,3.418099044,5.87E-05
205.736,3.418109971,5.87E-05
206.21,3.418106056,5.87E-05
206.685,3.418095307,5.87E-05
207.162,3.418100171,5.87E-05
207.639,3.418101717,5.87E-05
208.118,3.418094312,5.86E-05
208.598,3.418099091,5.86E-05
209.079,3.418107332,5.86E-05
209.561,3.418111015,5.86E-05
210.044,3.418105266,5.86E-05
210.528,3.418106279,5.86E-05
211.013,3.418101814,5.86E-05
211.5,3.418096079,5.85E-05
211.987,3.41811311,5.85E-05
212.476,3.418104211,5.85E-05
212.966,3.418110806,5.85E-05
213.457,3.418106984,5.85E-05
213.949,3.418098467,5.85E-05
214.442,3.418098926,5.85E-05
214.936,3.418117109,5.84E-05
215.432,3.418102176,5.84E-05
215.928,3.418094674,5.84E-05
216.426,3.418105308,5.84E-05
216.925,3.418105022,5.84E-05
217.425,3.41810694,5.84E-05
217.926,3.418094221,5.84E-05
218.429,3.418111211,5.84E-05
218.932,3.418116906,5.84E-05
219.437,3.418120069,5.83E-05
219.943,3.418096578,5.83E-05
220.45,3.418109799,5.83E-05
220.958,3.418097357,5.83E-05
221.467,3.418104299,5.83E-05
221.978,3.418107192,5.83E-05
222.49,3.418098737,5.83E-05
223.003,3.418106972,5.83E-05
223.517,3.418104134,5.83E-05
224.032,3.418114243,5.82E-05
224.548,3.418105831,5.82E-05
225.066,3.418105061,5.82E-05
225.585,3.418107548,5.82E-05
226.105,3.418089221,5.82E-05
226.626,3.41810952,5.82E-05
227.149,3.418114335,5.82E-05
227.672,3.418099708,5.82E-05
228.197,3.418107919,5.82E-05
228.723,3.418118626,5.82E-05
229.25,3.418088886,5.82E-05
229.779,3.418107823,5.81E-05
230.308,3.418100283,5.81E-05
230.839,3.41809766,5.81E-05
231.372,3.418111816,5.81E-05
231.905,3.418095354,5.81E-05
232.439,3.418105588,5.81E-05
232.975,3.418122281,5.81E-05
233.512,3.418119921,5.81E-05
234.051,3.418086743,5.81E-05
234.59,3.418097308,5.81E-05
235.131,3.418106094,5.81E-05
235.673,3.418101221,5.81E-05
236.216,3.418102131,5.80E-05
236.761,3.418085663,5.80E-05
237.307,3.418106141,5.80E-05
237.854,3.418102968,5.80E-05
238.402,3.418111743,5.80E-05
238.952,3.418116593,5.80E-05
239.502,3.41811918,5.80E-05
240.055,3.418128358,5.80E-05
240.608,3.418111907,5.80E-05
241.163,3.418104693,5.80E-05
241.718,3.418124267,5.80E-05
242.276,3.418098235,5.80E-05
242.834,3.418109789,5.80E-05
243.394,3.418092121,5.80E-05
243.955,3.418111674,5.80E-05
244.517,3.41811141,5.79E-05
245.081,3.418106379,5.79E-05
245.646,3.418090089,5.79E-05
246.212,3.418098618,5.79E-05
246.78,3.418114683,5.79E-05
247.349,3.418096009,5.79E-05
247.919,3.418095494,5.79E-05
248.491,3.41808999,5.79E-05
249.063,3.418085965,5.79E-05
249.638,3.418126049,5.79E-05
250.213,3.418106439,5.79E-05
250.79,3.418090144,5.79E-05
251.368,3.418080248,5.79E-05
251.947,3.418118087,5.79E-05
252.528,3.418106801,5.79E-05
253.11,3.41810261,5.79E-05
253.694,3.418125076,5.79E-05
254.279,3.418080315,5.79E-05
254.865,3.418105895,5.79E-05
255.452,3.418115389,5.79E-05
256.041,3.418080857,5.79E-05
256.631,3.418099704,5.78E-05
257.223,3.418116973,5.78E-05
257.816,3.418089114,5.78E-05
258.41,3.418090964,5.78E-05
259.006,3.418128166,5.78E-05
259.603,3.41810821,5.78E-05
260.202,3.418097434,5.78E-05
260.801,3.418091088,5.78E-05
261.403,3.418108584,5.78E-05
262.005,3.418109418,5.78E-05
262.609,3.418106439,5.78E-05
263.215,3.418094442,5.78E-05
263.821,3.418125828,5.78E-05
264.429,3.418102103,5.78E-05
265.039,3.418122291,5.78E-05
265.65,3.418120285,5.78E-05
266.262,3.418117487,5.78E-05
266.876,3.418119363,5.78E-05
267.491,3.418126096,5.78E-05
268.108,3.418132293,5.78E-05
268.726,3.41811308,5.78E-05
269.346,3.418097189,5.78E-05
269.967,3.418102197,5.78E-05
270.589,3.418120698,5.78E-05
271.213,3.418120663,5.78E-05
271.838,3.418122995,5.78E-05
272.464,3.418104339,5.78E-05
273.093,3.418131129,5.78E-05
273.722,3.418111493,5.78E-05
274.353,3.418102874,5.78E-05
274.986,3.418118827,5.78E-05
275.619,3.418135972,5.78E-05
276.255,3.418115875,5.78E-05
276.892,3.418091236,5.78E-05
277.53,3.418086795,5.78E-05
278.17,3.41811996,5.78E-05
278.811,3.418111745,5.78E-05
279.454,3.418102237,5.78E-05
280.098,3.418125573,5.78E-05
280.744,3.418109937,5.78E-05
281.391,3.418140422,5.78E-05
282.039,3.418091066,5.78E-05
282.69,3.418103376,5.78E-05
283.341,3.418103058,5.78E-05
283.994,3.418115198,5.78E-05
284.649,3.418100841,5.78E-05
285.305,3.41810164,5.78E-05
285.963,3.418117456,5.78E-05
286.622,3.418106905,5.78E-05
287.283,3.41808869,5.78E-05
287.945,3.418139426,5.78E-05
288.609,3.418122783,5.78E-05
289.274,3.418105897,5.78E-05
289.941,3.418097627,5.78E-05
290.61,3.418099681,5.78E-05
291.279,3.418104966,5.78E-05
291.951,3.418099258,5.78E-05
292.624,3.418139357,5.78E-05
293.299,3.418101646,5.78E-05
293.975,3.418099414,5.78E-05
294.652,3.418114227,5.78E-05
295.332,3.418113464,5.78E-05
296.012,3.418123392,5.78E-05
296.695,3.418089497,5.78E-05
297.379,3.41810751,5.78E-05
298.064,3.418122983,5.78E-05
298.751,3.418101912,5.78E-05
299.44,3.418117899,5.78E-05
300.13,3.41812589,5.78E-05
300.822,3.418065339,5.78E-05
301.516,3.418094776,5.78E-05
302.211,3.418097279,5.78E-05
302.907,3.418088399,5.78E-05
303.606,3.418069015,5.78E-05
304.306,3.418095087,5.78E-05
305.007,3.418091373,5.78E-05
305.71,3.418074028,5.78E-05
306.415,3.418125131,5.79E-05
307.121,3.418138123,5.79E-05
307.829,3.418069108,5.79E-05
308.539,3.41810885,5.79E-05
309.25,3.418161223,5.79E-05
309.963,3.418069931,5.79E-05
