0.0275043,0.933042818,0.094680076
0.0275677,0.932937001,0.094970305
0.0276312,0.932830205,0.095259904
0.0276949,0.932722388,0.095548856
0.0277587,0.93261351,0.095837144
0.0278227,0.932503526,0.09612475
0.0278869,0.932392392,0.096411656
0.0279512,0.932280063,0.096697847
0.0280156,0.93216649,0.096983303
0.0280802,0.932051625,0.097268009
0.0281449,0.931935416,0.097551946
0.0282098,0.931817812,0.097835098
0.0282748,0.931698757,0.098117446
0.02834,0.931578196,0.098398974
0.0284053,0.931456069,0.098679665
0.0284708,0.931332315,0.098959502
0.0285364,0.931206868,0.099238468
0.0286022,0.931079664,0.099516563
0.0286682,0.93095065,0.099793758
0.0287342,0.93081975,0.100070036
0.0288005,0.930686891,0.100345382
0.0288669,0.930551996,0.100619781
0.0289334,0.930414988,0.100893218
0.0290001,0.930275784,0.101165679
0.029067,0.930134299,0.101437153
0.029134,0.929990442,0.101707625
0.0292011,0.929844122,0.101977086
0.0292685,0.929695239,0.102245524
0.0293359,0.929543692,0.102512933
0.0294036,0.929389372,0.102779304
0.0294713,0.929232166,0.103044633
0.0295393,0.929071956,0.103308918
0.0296074,0.928908616,0.10357216
0.0296756,0.928742014,0.103834361
0.029744,0.92857201,0.10409553
0.0298126,0.928398457,0.10435568
0.0298813,0.9282212,0.104614829
0.0299502,0.928040073,0.104873002
0.0300193,0.927854902,0.105130234
0.0300885,0.927665503,0.105386566
0.0301578,0.92747168,0.105642053
0.0302273,0.927273228,0.105896765
0.030297,0.927069929,0.106150784
0.0303669,0.926861553,0.106404216
0.0304369,0.926647862,0.106657187
0.030507,0.926428605,0.106909852
0.0305774,0.926203522,0.107162398
0.0306478,0.925972349,0.107415052
0.0307185,0.925734816,0.107668086
0.0307893,0.925490659,0.107921827
0.0308603,0.925239626,0.108176667
0.0309314,0.92498149,0.108433076
0.0310027,0.924716072,0.108691611
0.0310742,0.924443272,0.108952937
0.0311458,0.924163121,0.10921784
0.0312176,0.923875884,0.109487243
0.0312896,0.923582306,0.109762209
0.0313617,0.923284375,0.110043004
0.031434,0.922982426,0.110328191
0.0315065,0.922676265,0.110617706
0.0315791,0.922365983,0.110911527
0.0316519,0.922051695,0.111209632
0.0317249,0.921733517,0.111512
0.031798,0.921411555,0.11181861
0.0318713,0.92108591,0.112129442
0.0319448,0.920756672,0.112444477
0.0320184,0.920423924,0.1127637
0.0320922,0.920087743,0.113087094
0.0321662,0.919748198,0.113414646
0.0322404,0.919405352,0.113746341
0.0323147,0.919059264,0.114082168
0.0323892,0.918709986,0.114422116
0.0324638,0.918357567,0.114766174
0.0325387,0.918002051,0.115114335
0.0326137,0.91764348,0.115466589
0.0326889,0.917281888,0.11582293
0.0327642,0.916917311,0.116183352
0.0328398,0.916549777,0.11654785
0.0329155,0.916179314,0.116916419
0.0329913,0.915805947,0.117289056
0.0330674,0.915429697,0.11766576
0.0331436,0.915050584,0.118046528
0.03322,0.914668624,0.11843136
0.0332966,0.914283833,0.118820257
0.0333734,0.913896222,0.119213221
0.0334503,0.913505802,0.119610254
0.0335274,0.913112582,0.120011359
0.0336047,0.912716568,0.120416541
0.0336822,0.912317766,0.120825805
0.0337598,0.911916177,0.121239158
0.0338376,0.911511804,0.121656608
0.0339156,0.911104647,0.122078162
0.0339938,0.910694703,0.12250383
0.0340722,0.91028197,0.122933623
0.0341507,0.909866443,0.123367553
0.0342294,0.909448116,0.123805633
0.0343084,0.909026981,0.124247876
0.0343874,0.908603031,0.124694297
0.0344667,0.908176254,0.125144913
0.0345462,0.907746639,0.125599741
0.0346258,0.907314175,0.1260588
0.0347056,0.906878848,0.12652211
0.0347856,0.906440643,0.126989691
0.0348658,0.905999544,0.127461566
0.0349462,0.905555535,0.127937759
0.0350268,0.905108598,0.128418294
0.0351075,0.904658713,0.128903198
0.0351884,0.904205862,0.129392499
0.0352695,0.903750024,0.129886226
0.0353509,0.903291176,0.130384408
0.0354323,0.902829296,0.130887079
0.035514,0.902364362,0.131394272
0.0355959,0.901896348,0.131906021
0.0356779,0.90142523,0.132422363
0.0357602,0.900950983,0.132943337
0.0358426,0.90047358,0.133468981
0.0359253,0.899992993,0.133999337
0.0360081,0.899509195,0.134534449
0.0360911,0.899022157,0.13507436
0.0361743,0.898531851,0.135619117
0.0362577,0.898038246,0.136168769
0.0363413,0.897541313,0.136723366
0.036425,0.897041021,0.137282958
0.036509,0.896537338,0.137847601
0.0365932,0.896030233,0.138417349
0.0366775,0.895519673,0.138992261
0.0367621,0.895005627,0.139572395
0.0368468,0.894488062,0.140157814
0.0369317,0.893966943,0.140748581
0.0370169,0.893442238,0.141344762
0.0371022,0.892913914,0.141946425
0.0371877,0.892381935,0.14255364
0.0372735,0.891846269,0.143166479
0.0373594,0.89130688,0.143785017
0.0374455,0.890763736,0.144409331
0.0375318,0.8902168,0.1450395
0.0376184,0.88966604,0.145675607
0.0377051,0.889111421,0.146317734
0.037792,0.888552909,0.146965969
0.0378791,0.887990469,0.147620401
0.0379664,0.887424069,0.148281122
0.038054,0.886853674,0.148948226
0.0381417,0.886279252,0.14962181
0.0382296,0.88570077,0.150301974
0.0383177,0.885118196,0.150988821
0.0384061,0.884531497,0.151682455
0.0384946,0.883940643,0.152382985
0.0385833,0.883345603,0.153090523
0.0386723,0.882746348,0.153805182
0.0387614,0.882142848,0.154527078
0.0388508,0.881535074,0.155256333
0.0389404,0.880923001,0.15599307
0.0390301,0.880306601,0.156737414
0.0391201,0.87968585,0.157489496
0.0392103,0.879060723,0.158249447
0.0393007,0.878431198,0.159017405
0.0393913,0.877797254,0.159793507
0.0394821,0.877158871,0.160577898
0.0395731,0.87651603,0.161370722
0.0396643,0.875868716,0.162172129
0.0397557,0.875216913,0.162982273
0.0398474,0.874560608,0.16380131
0.0399392,0.873899791,0.1646294
0.0400313,0.873234453,0.165466706
0.0401236,0.872564587,0.166313396
0.0402161,0.871890189,0.16716964
0.0403088,0.871211258,0.168035614
0.0404017,0.870527795,0.168911496
0.0404949,0.869839803,0.169797468
0.0405882,0.869147289,0.170693716
0.0406818,0.868450263,0.171600429
0.0407756,0.867748738,0.172517802
0.0408696,0.86704273,0.173446032
0.0409638,0.866332259,0.174385319
0.0410582,0.865617348,0.17533587
0.0411528,0.864898026,0.176297893
0.0412477,0.864174323,0.177271602
0.0413428,0.863446275,0.178257213
0.0414381,0.862713923,0.179254946
0.0415336,0.861977311,0.180265028
0.0416294,0.861236488,0.181287685
0.0417253,0.86049151,0.182323151
0.0418215,0.859742436,0.183371661
0.0419179,0.858989332,0.184433456
0.0420146,0.858232267,0.185508779
0.0421114,0.85747132,0.186597878
0.0422085,0.856706572,0.187701003
0.0423058,0.855938113,0.188818409
0.0424033,0.855166039,0.189950354
0.0425011,0.854390453,0.1910971
0.042599,0.853611463,0.192258911
0.0426972,0.852829187,0.193436056
0.0427957,0.85204375,0.194628806
0.0428943,0.851255283,0.195837435
0.0429932,0.850463928,0.197062221
0.0430923,0.849669833,0.198303442
0.0431917,0.848873155,0.199561382
0.0432912,0.848074062,0.200836326
0.043391,0.847272728,0.20212856
0.043491,0.84646934,0.203438373
0.0435913,0.845664092,0.204766058
0.0436918,0.844857188,0.206111906
0.0437925,0.844048845,0.20747621
0.0438935,0.843239288,0.208859268
0.0439946,0.842428755,0.210261373
0.0440961,0.841617493,0.211682822
0.0441977,0.840805762,0.213123913
0.0442996,0.839993834,0.21458494
0.0444017,0.839181992,0.216066202
0.0445041,0.838370532,0.217567991
0.0446067,0.837559763,0.219090603
0.0447095,0.836750006,0.22063433
0.0448126,0.835941595,0.222199461
0.0449159,0.835134878,0.223786284
0.0450194,0.834330218,0.225395084
0.0451232,0.833527989,0.227026141
0.0452272,0.832728581,0.228679732
0.0453315,0.831932397,0.23035613
0.045436,0.831139856,0.232055602
0.0455407,0.830351391,0.233778408
0.0456457,0.829567449,0.235524803
0.0457509,0.828788493,0.237295035
0.0458564,0.828015,0.239089344
0.0459621,0.827247463,0.24090796
0.0460681,0.826486389,0.242751107
0.0461743,0.825732301,0.244618996
0.0462807,0.824985738,0.246511828
0.0463874,0.824247252,0.248429794
0.0464943,0.823517411,0.250373071
0.0466015,0.8227968,0.252341824
0.0467089,0.822086014,0.254336203
0.0468166,0.821385668,0.256356344
0.0469245,0.820696387,0.258402366
0.0470327,0.820018813,0.260474373
0.0471411,0.819353599,0.262572451
0.0472498,0.818701414,0.264696667
0.0473587,0.818062939,0.266847069
0.0474679,0.817438866,0.269023684
0.0475773,0.8168299,0.271226519
0.047687,0.816236758,0.273455559
0.0477969,0.815660167,0.275710764
0.0479071,0.815100863,0.277992072
0.0480175,0.814559591,0.280299396
0.0481282,0.814037106,0.282632623
0.0482392,0.813534169,0.284991612
0.0483504,0.813051548,0.287376197
0.0484618,0.812590014,0.289786182
0.0485736,0.812150346,0.292221343
0.0486855,0.811733322,0.294681427
0.0487978,0.811339725,0.297166148
0.0489102,0.810970336,0.299675192
0.049023,0.810625936,0.302208212
0.049136,0.810307305,0.304764829
0.0492493,0.810015217,0.307344632
0.0493628,0.80975044,0.309947176
0.0494766,0.809513738,0.312571984
0.0495907,0.809305864,0.315218544
0.049705,0.809127562,0.317886312
0.0498196,0.808979562,0.32057471
0.0499344,0.808862583,0.323283126
0.0500495,0.808777325,0.326010915
0.0501649,0.808724473,0.328757397
0.0502805,0.808704691,0.331521861
0.0503964,0.808718625,0.334303563
0.0505126,0.808766893,0.337101727
0.0506291,0.808850092,0.339915545
0.0507458,0.80896879,0.342744181
0.0508628,0.809123528,0.345586767
0.05098,0.809314815,0.348442408
0.0510975,0.809543128,0.351310179
0.0512153,0.809808911,0.354189132
0.0513334,0.81011257,0.357078294
0.0514517,0.810454476,0.359976667
0.0515703,0.81083496,0.362883232
0.0516892,0.811254311,0.365796952
0.0518084,0.811712777,0.36871677
0.0519278,0.812210563,0.371641614
0.0520475,0.812747828,0.374570397
0.0521675,0.813324686,0.377502022
0.0522877,0.813941204,0.380435381
0.0524083,0.8145974,0.38336936
0.0525291,0.815293244,0.38630284
0.0526502,0.816028656,0.389234699
0.0527716,0.816803506,0.392163818
0.0528932,0.817617613,0.395089079
0.0530151,0.818470747,0.39800937
0.0531373,0.819362625,0.400923589
0.0532598,0.820292914,0.403830644
0.0533826,0.82126123,0.40672946
0.0535057,0.822267139,0.409618976
0.053629,0.823310157,0.412498153
0.0537526,0.824389751,0.415365976
0.0538766,0.82550534,0.418221455
0.0540008,0.826656296,0.421063628
0.0541252,0.827841945,0.423891567
0.05425,0.829061568,0.426704378
0.0543751,0.830314405,0.429501202
0.0545004,0.831599655,0.432281225
0.0546261,0.832916476,0.435043671
0.054752,0.834263991,0.437787813
0.0548782,0.83564129,0.44051297
0.0550047,0.83704743,0.443218513
0.0551315,0.838481439,0.445903864
0.0552586,0.839942319,0.448568502
0.055386,0.841429051,0.451211962
0.0555137,0.842940595,0.453833837
0.0556416,0.844475897,0.456433782
0.0557699,0.84603389,0.459011515
0.0558985,0.847613499,0.461566816
0.0560273,0.849213646,0.464099531
0.0561565,0.850833253,0.466609571
0.0562859,0.852471248,0.469096917
0.0564157,0.854126567,0.471561613
0.0565457,0.855798164,0.474003775
0.0566761,0.857485011,0.476423583
0.0568067,0.859186107,0.478821287
0.0569377,0.860900482,0.481197205
0.0570689,0.862627205,0.483551718
0.0572005,0.864365391,0.485885274
0.0573324,0.866114202,0.488198384
0.0574645,0.867872865,0.49049162
0.057597,0.869640671,0.492765612
0.0577298,0.871416989,0.495021043
0.0578629,0.873201275,0.49725865
0.0579962,0.874993082,0.499479211
0.0581299,0.876792076,0.501683547
0.0582639,0.878598048,0.503872506
0.0583983,0.880410937,0.506046959
0.0585329,0.882230848,0.508207781
0.0586678,0.88405809,0.510355839
0.0588031,0.885893211,0.512491964
0.0589386,0.887737061,0.514616915
0.0590745,0.889590888,0.516731324
0.0592107,0.891456502,0.518835597
0.0593471,0.893336608,0.520929716
0.059484,0.895235735,0.523012695
0.0596211,0.897163474,0.525076292
0.0597585,0.899108391,0.527101182
0.0598963,0.901056748,0.529091834
0.0600344,0.903003716,0.531052401
0.0601728,0.904946206,0.53298612
0.0603115,0.906881957,0.534895836
0.0604505,0.908809222,0.536784181
0.0605898,0.910726621,0.538653658
0.0607295,0.912633059,0.540506686
0.0608695,0.914527678,0.542345624
0.0610098,0.916409826,0.544172787
0.0611505,0.918279034,0.545990454
0.0612914,0.920135004,0.547800876
0.0614327,0.921977594,0.549606279
0.0615744,0.923806816,0.551408861
0.0617163,0.925622825,0.553210798
0.0618586,0.92742592,0.555014238
0.0620012,0.929216537,0.556821301
0.0621441,0.930995246,0.558634078
0.0622874,0.932762754,0.560454624
0.0624309,0.934519898,0.56228496
0.0625749,0.936267649,0.564127064
0.0627191,0.938007105,0.565982867
0.0628637,0.939739499,0.567854253
0.0630086,0.94146619,0.569743049
0.0631539,0.943188666,0.571651022
0.0632994,0.944908546,0.573579871
0.0634454,0.946627573,0.575531225
0.0635916,0.948347621,0.57750663
0.0637382,0.950070688,0.579507549
0.0638851,0.951798897,0.581535351
0.0640324,0.953534494,0.583591302
0.06418,0.955279849,0.585676562
0.064328,0.95703745,0.587792172
0.0644763,0.958809903,0.589939046
0.0646249,0.96059993,0.592117964
0.0647739,0.962410362,0.594329562
0.0649232,0.964244138,0.59657432
0.0650729,0.966104298,0.598852554
0.0652229,0.967993981,0.601164405
0.0653732,0.969916415,0.603509828
0.0655239,0.971874912,0.605888583
0.065675,0.973872858,0.60830022
0.0658264,0.975913706,0.610744072
0.0659781,0.978000964,0.61321924
0.0661302,0.980138185,0.615724585
0.0662827,0.982328952,0.618258715
0.0664354,0.984576865,0.620819977
0.0665886,0.986885527,0.623406441
0.0667421,0.989258523,0.626015897
0.066896,0.991699406,0.628645839
0.0670502,0.994211672,0.631293464
0.0672047,0.996798743,0.633955656
0.0673597,0.99946394,0.636628988
0.0675149,1.002210458,0.639309713
0.0676706,1.005041342,0.641993762
0.0678266,1.007959456,0.644676742
0.0679829,1.010967456,0.64735394
0.0681396,1.014067757,0.650020322
0.0682967,1.017262501,0.652670546
0.0684542,1.020553527,0.655298962
0.068612,1.023942333,0.657899635
0.0687701,1.027430045,0.660466353
0.0689287,1.031017382,0.662992649
0.0690876,1.034704621,0.665471827
0.0692468,1.038491568,0.667896988
0.0694065,1.042377519,0.670261059
0.0695665,1.046361237,0.672556834
0.0697268,1.050440919,0.674777012
0.0698876,1.054614172,0.676914243
0.0700487,1.058877994,0.678961172
0.0702101,1.063228754,0.680910499
0.070372,1.067662178,0.682755031
0.0705342,1.072173344,0.68448774
0.0706968,1.076756679,0.68610183
0.0708598,1.081405962,0.687590795
0.0710231,1.086114338,0.68894849
0.0711869,1.090874337,0.690169194
0.071351,1.095677897,0.691247674
0.0715154,1.1005164,0.692179253
0.0716803,1.105380715,0.692959872
0.0718455,1.110261244,0.693586144
0.0720112,1.115147981,0.694055412
0.0721772,1.120030576,0.694365798
0.0723436,1.124898401,0.694516244
0.0725103,1.12974063,0.694506545
0.0726775,1.134546317,0.69433738
0.072845,1.139304479,0.694010328
0.0730129,1.144004181,0.693527876
0.0731813,1.148634628,0.692893418
0.07335,1.153185245,0.692111246
0.073519,1.157645769,0.691186525
0.0736885,1.162006329,0.690125268
0.0738584,1.166257523,0.688934292
0.0740287,1.170390497,0.687621173
0.0741993,1.174397007,0.686194187
0.0743704,1.178269484,0.684662251
0.0745418,1.182001082,0.683034852
0.0747136,1.185585727,0.681321978
0.0748859,1.189018147,0.679534037
0.0750585,1.192293902,0.677681783
0.0752315,1.195409402,0.675776237
0.075405,1.198361909,0.673828605
0.0755788,1.201149546,0.671850208
0.075753,1.203771282,0.669852399
0.0759276,1.206226919,0.6678465
0.0761027,1.208517073,0.66584373
0.0762781,1.210643141,0.663855145
0.0764539,1.212607275,0.661891584
0.0766302,1.21441234,0.659963609
0.0768068,1.216061881,0.658081471
0.0769839,1.217560075,0.656255062
0.0771614,1.218911693,0.654493883
0.0773392,1.220122056,0.652807017
0.0775175,1.221196987,0.651203107
0.0776962,1.222142777,0.649690331
0.0778753,1.222966136,0.648276395
0.0780548,1.223674156,0.646968521
0.0782348,1.224274274,0.64577344
0.0784151,1.224774237,0.644697385
0.0785959,1.225182066,0.643746099
0.0787771,1.22550603,0.642924825
0.0789587,1.225754615,0.642238316
0.0791407,1.225936501,0.641690836
0.0793231,1.226060538,0.641286163
0.079506,1.226135726,0.641027592
0.0796893,1.226171198,0.640917943
0.079873,1.226176203,0.640959557
0.0800571,1.226160091,0.641154305
0.0802417,1.226132302,0.641503584
0.0804266,1.226102352,0.642008317
0.080612,1.226079822,0.642668954
0.0807979,1.226074346,0.643485463
0.0809841,1.226095602,0.644457328
0.0811708,1.2261533,0.645583542
0.0813579,1.226257168,0.646862592
0.0815455,1.22641694,0.648292455
0.0817335,1.226642338,0.64987058
0.0819219,1.226943058,0.651593875
0.0821107,1.227328747,0.653458692
0.0823,1.227808984,0.655460813
0.0824897,1.228393249,0.657595425
0.0826799,1.229090898,0.65985711
0.0828705,1.229911125,0.662239826
0.0830615,1.230862928,0.664736887
0.083253,1.231955067,0.66734095
0.0834449,1.233196015,0.670044002
0.0836373,1.234593905,0.672837349
0.0838301,1.236156481,0.675711605
0.0840233,1.237891028,0.678656693
0.084217,1.239804313,0.681661844
0.0844112,1.241902512,0.684715606
0.0846057,1.244191139,0.687805856
0.0848008,1.246674966,0.690919824
0.0849963,1.249357946,0.694044122
0.0851922,1.252243127,0.697164786
0.0853886,1.255332579,0.700267326
0.0855854,1.258627301,0.703336785
0.0857827,1.26212715,0.706357816
0.0859805,1.26583076,0.709314764
0.0861787,1.269735473,0.712191768
0.0863773,1.273837275,0.714972865
0.0865765,1.27813074,0.71764212
0.086776,1.282608985,0.720183753
0.0869761,1.287263645,0.722582289
0.0871766,1.292084852,0.724822708
0.0873776,1.29706124,0.726890611
0.087579,1.302179967,0.728772385
0.0877809,1.307426756,0.730455374
0.0879832,1.31278596,0.731928052
0.088186,1.318240651,0.733180187
0.0883893,1.323772727,0.73420301
0.0885931,1.329363049,0.734989363
0.0887973,1.334991594,0.735533836
0.089002,1.340637633,0.735832897
0.0892072,1.346279925,0.735884983
0.0894128,1.351896927,0.735690588
0.089619,1.357467021,0.735252305
0.0898255,1.362968736,0.734574859
0.0900326,1.368380995,0.733665093
0.0902402,1.37368334,0.732531932
0.0904482,1.378856166,0.731186321
0.0906567,1.383880943,0.729641121
0.0908657,1.388740414,0.727910991
0.0910751,1.393418793,0.726012234
0.0912851,1.397901923,0.72396263
0.0914955,1.40217742,0.721781246
0.0917064,1.406234789,0.719488232
0.0919179,1.410065511,0.717104613
0.0921297,1.413663102,0.714652067
0.0923421,1.417023144,0.712152714
0.092555,1.420143292,0.709628897
0.0927684,1.423023252,0.707102977
0.0929822,1.425664739,0.704597137
0.0931966,1.428071416,0.7021332
0.0934114,1.430248813,0.699732456
0.0936267,1.432204235,0.697415517
0.0938426,1.433946657,0.695202176
0.0940589,1.435486617,0.693111293
0.0942757,1.436836094,0.691160694
0.094493,1.438008398,0.689367083
0.0947109,1.439018047,0.68774598
0.0949292,1.439880654,0.686311659
0.095148,1.440612819,0.685077106
0.0953674,1.441232019,0.684053986
0.0955872,1.44175651,0.683252616
0.0958076,1.442205234,0.682681947
0.0960284,1.442597729,0.682349549
0.0962498,1.442954052,0.682261597
0.0964717,1.443294697,0.682422863
0.0966941,1.443640531,0.682836705
0.096917,1.444012718,0.683505052
0.0971404,1.444432663,0.684428392
0.0973643,1.444921939,0.685605756
0.0975888,1.445502229,0.687034695
0.0978137,1.446195261,0.688711255
0.0980392,1.447022732,0.690629956
0.0982652,1.448006241,0.692783754
0.0984918,1.449167207,0.695164012
0.0987188,1.450526781,0.697760464
0.0989464,1.452105747,0.700561183
0.0991745,1.453924422,0.70355254
0.0994031,1.456002531,0.706719182
0.0996322,1.458359079,0.710043996
0.0998619,1.461012212,0.713508096
0.100092,1.463979055,0.717090806
0.100323,1.467275547,0.720769664
0.100554,1.47091626,0.724520435
0.100786,1.474914201,0.728317143
0.101018,1.479280613,0.732132125
0.101251,1.484024756,0.735936101
0.101485,1.489153691,0.739698282
0.101718,1.494672058,0.743386496
0.101953,1.500581844,0.746967349
0.102188,1.50688217,0.750406427
0.102424,1.513569079,0.753668518
0.10266,1.520635333,0.75671789
0.102896,1.528070245,0.759518589
0.103134,1.535859521,0.762034786
0.103371,1.54398515,0.764231156
0.10361,1.552425324,0.766073282
0.103848,1.561154416,0.767528099
0.104088,1.570143004,0.768564352
0.104328,1.579357962,0.769153069
0.104568,1.588762612,0.769268043
0.104809,1.598316952,0.76888631
0.105051,1.607977951,0.767988605
0.105293,1.617699915,0.766559796
0.105536,1.627434926,0.764589272
0.105779,1.637133339,0.762071282
0.106023,1.646744339,0.759005205
0.106267,1.656216541,0.755395739
0.106512,1.665498622,0.751253015
0.106758,1.674539971,0.746592614
0.107004,1.683291335,0.741435485
0.107251,1.691705458,0.73580778
0.107498,1.699737677,0.729740591
0.107746,1.707346477,0.723269604
0.107994,1.71449398,0.716434692
0.108243,1.721146354,0.709279433
0.108493,1.727274155,0.701850604
0.108743,1.732852561,0.694197633
0.108993,1.737861536,0.686372056
0.109245,1.742285894,0.678426975
0.109496,1.746115289,0.670416548
0.109749,1.749344135,0.662395515
0.110002,1.751971462,0.654418776
0.110255,1.754000723,0.646541039
0.11051,1.755439585,0.63881653
0.110764,1.756299681,0.631298778
0.11102,1.75659639,0.624040479
0.111276,1.756348611,0.617093433
0.111532,1.75557859,0.61050855
0.111789,1.75431179,0.604335922
0.112047,1.752576826,0.598624954
0.112305,1.750405494,0.593424538
0.112564,1.74783289,0.588783265
0.112824,1.744897654,0.584749655
0.113084,1.741642351,0.581372385
0.113344,1.738114006,0.578700493
0.113606,1.734364814,0.576783527
0.113868,1.730453052,0.575671602
0.11413,1.726444208,0.575415305
0.114393,1.722412343,0.576065392
0.114657,1.718441701,0.577672188
0.114921,1.71462856,0.580284576
0.115186,1.711083302,0.583948445
0.115452,1.707932639,0.588704426
0.115718,1.705321867,0.594584718
0.115984,1.703416953,0.601608779
0.116252,1.702406143,0.609777673
0.11652,1.702500595,0.619066863
0.116788,1.703933405,0.629417371
0.117058,1.706956153,0.640725406
0.117328,1.711831911,0.6528309
0.117598,1.718823586,0.665505913
0.117869,1.728176554,0.678444531
0.118141,1.740095021,0.69125675
0.118413,1.754712533,0.703469557
0.118686,1.772058668,0.714538918
0.11896,1.792026158,0.723875957
0.119234,1.814345009,0.730888941
0.119509,1.83857185,0.73503931
0.119784,1.864102493,0.735905246
0.12006,1.890212336,0.733241439
0.120337,1.916122761,0.727020889
0.120615,1.941083534,0.717446145
0.120893,1.964454743,0.704924014
0.121171,1.985770286,0.690007707
0.121451,2.004769814,0.673319567
0.121731,2.021395243,0.655471983
0.122011,2.035757509,0.637002335
0.122293,2.048085331,0.618331506
0.122574,2.058669041,0.599747959
0.122857,2.067809919,0.581413552
0.12314,2.075781315,0.563384319
0.123424,2.082803759,0.54563907
0.123709,2.089033408,0.528109811
0.123994,2.094561585,0.510709684
0.12428,2.09942245,0.493355781
0.124566,2.103605827,0.475985497
0.124853,2.107072416,0.458566186
0.125141,2.109769055,0.441098621
0.12543,2.111642253,0.423615344
0.125719,2.112648796,0.406175311
0.126009,2.112762886,0.38885637
0.126299,2.11197979,0.371746964
0.12659,2.110316446,0.354938246
0.126882,2.107809712,0.338517383
0.127174,2.104513055,0.322562503
0.127468,2.100492439,0.307139383
0.127761,2.095822049,0.292299762
0.128056,2.090580282,0.278080976
0.128351,2.084846315,0.264506623
0.128647,2.078697359,0.251587875
0.128944,2.072206629,0.23932518
0.129241,2.065441975,0.227710109
0.129539,2.058465072,0.216727179
0.129837,2.051331062,0.206355544
0.130137,2.044088537,0.196570501
0.130437,2.036779771,0.187344766
0.130737,2.029441105,0.178649537
0.131039,2.022103428,0.170455341
0.131341,2.014792714,0.162732702
0.131644,2.007530554,0.155452643
0.131947,2.000334688,0.148587053
0.132251,1.993219498,0.142108946
0.132556,1.986196461,0.135992628
0.132862,1.979274569,0.130213802
0.133168,1.972460693,0.124749609
0.133475,1.96575991,0.119578639
0.133783,1.959175787,0.114680906
0.134091,1.952710627,0.110037804
0.1344,1.946365684,0.105632053
0.13471,1.940141344,0.101447627
0.135021,1.93403728,0.097469686
0.135332,1.928052589,0.093684502
0.135644,1.922185898,0.090079381
0.135956,1.916435466,0.086642595
0.13627,1.910799256,0.083363307
0.136584,1.90527501,0.080231509
0.136899,1.899860299,0.077237954
0.137214,1.894552571,0.074374101
0.137531,1.889349193,0.071632055
0.137848,1.884247478,0.069004518
0.138166,1.879244716,0.066484743
0.138484,1.874338193,0.064066484
0.138803,1.869525206,0.061743961
0.139123,1.864803084,0.05951182
0.139444,1.860169194,0.057365099
0.139765,1.85562095,0.055299198
0.140088,1.851155823,0.053309848
0.140411,1.846771342,0.051393084
0.140734,1.842465103,0.049545225
0.141059,1.838234768,0.047762847
0.141384,1.834078066,0.046042765
0.14171,1.8299928,0.044382015
0.142036,1.82597684,0.042777836
0.142364,1.822028126,0.041227655
0.142692,1.818144669,0.039729072
0.143021,1.81432455,0.038279848
0.143351,1.810565914,0.036877891
0.143681,1.806866974,0.035521248
0.144012,1.80322601,0.034208094
0.144344,1.799641362,0.03293672
0.144677,1.796111432,0.031705528
0.145011,1.792634683,0.030513022
0.145345,1.789209636,0.029357801
0.14568,1.785834865,0.028238552
0.146016,1.782509003,0.027154043
0.146352,1.779230731,0.02610312
0.14669,1.775998784,0.0250847
0.147028,1.772811944,0.024097766
0.147367,1.769669041,0.023141363
0.147707,1.76656895,0.022214595
0.148047,1.76351059,0.021316621
0.148388,1.760492921,0.02044665
0.14873,1.757514946,0.01960394
0.149073,1.754575703,0.018787793
0.149417,1.75167427,0.017997555
0.149761,1.748809759,0.017232611
0.150107,1.745981317,0.016492387
0.150453,1.74318812,0.015776344
0.150799,1.740429379,0.015083979
0.151147,1.737704332,0.014414825
0.151496,1.735012245,0.013768448
0.151845,1.73235241,0.013144449
0.152195,1.729724147,0.012542463
0.152546,1.727126799,0.011962162
0.152897,1.724559737,0.011403255
0.15325,1.722022355,0.010865486
0.153603,1.719514076,0.010348644
0.153957,1.717034351,0.009852559
0.154312,1.714582667,0.009377107
0.154668,1.712158546,0.00892221
0.155024,1.709761553,0.008487843
0.155382,1.707391306,0.00807403
0.15574,1.705047482,0.007680845
0.156099,1.702729827,0.007308414
0.156459,1.700438171,0.006956909
0.156819,1.698172436,0.006626543
0.157181,1.695932652,0.006317564
0.157543,1.69371897,0.006030241
0.157906,1.691531673,0.005764851
0.15827,1.689371192,0.005521666
0.158635,1.68723811,0.005300928
0.159001,1.685133183,0.005102834
0.159368,1.683057339,0.004927507
0.159735,1.681011699,0.004774978
0.160103,1.678997593,0.004645161
0.160472,1.677016594,0.004537835
0.160842,1.67507061,0.004452622
0.161213,1.673162114,0.004388983
0.161585,1.671295207,0.004346198
0.161957,1.669476322,0.004316323
0.16233,1.667699856,0.00429176
0.162705,1.665962825,0.004271262
0.16308,1.664263585,0.004253455
0.163456,1.662600824,0.004236883
0.163832,1.660973287,0.004220041
0.16421,1.659379663,0.004201421
0.164589,1.657818521,0.004179558
0.164968,1.656288292,0.004153076
0.165348,1.654787256,0.004120737
0.16573,1.653313563,0.004081475
0.166112,1.651865251,0.004034437
0.166494,1.65044028,0.003979008
0.166878,1.649036577,0.003914829
0.167263,1.647652077,0.003841803
0.167649,1.646284769,0.003760097
0.168035,1.644932738,0.003670127
0.168422,1.643594211,0.003572534
0.168811,1.642267587,0.003468161
0.1692,1.640951469,0.003358014
0.16959,1.639644681,0.00324322
0.169981,1.638346279,0.00312499
0.170373,1.637055556,0.003004571
0.170765,1.635772037,0.002883211
0.171159,1.634495461,0.002762115
0.171554,1.633225768,0.002642419
0.171949,1.631963067,0.002525156
0.172345,1.630707617,0.00241124
0.172743,1.62945979,0.002301447
0.173141,1.628220043,0.00219641
0.17354,1.626988891,0.002096616
0.17394,1.625766875,0.002002409
0.174341,1.62455454,0.001913997
0.174743,1.623352413,0.001831464
0.175146,1.622160986,0.001754784
0.17555,1.620980699,0.001683836
0.175954,1.619811936,0.001618425
0.17636,1.618655015,0.001558289
0.176766,1.617510183,0.001503127
0.177174,1.616377624,0.001452604
0.177582,1.615257452,0.001406368
0.177992,1.614149724,0.001364064
0.178402,1.613054438,0.001325338
0.178813,1.611971545,0.00128985
0.179226,1.610900953,0.001257277
0.179639,1.609842534,0.001227316
0.180053,1.608796134,0.001199691
0.180468,1.607761573,0.001174149
0.180884,1.606738658,0.001150465
0.181301,1.605727183,0.001128437
0.181719,1.604726935,0.001107888
0.182138,1.603737699,0.001088666
0.182558,1.602759258,0.001070635
0.182978,1.601791399,0.00105368
0.1834,1.600833912,0.001037703
0.183823,1.599886591,0.001022619
0.184247,1.59894924,0.001008355
0.184671,1.598021665,0.00099485
0.185097,1.597103683,0.000982051
0.185524,1.596195115,0.000969912
0.185952,1.595295791,0.000958394
0.18638,1.594405547,0.000947464
0.18681,1.593524226,0.000937091
0.187241,1.592651676,0.000927248
0.187672,1.591787752,0.000917913
0.188105,1.590932314,0.000909064
0.188538,1.590085226,0.000900681
0.188973,1.589246358,0.000892746
0.189409,1.588415584,0.000885242
0.189845,1.587592781,0.000878154
0.190283,1.586777832,0.000871466
0.190722,1.585970621,0.000865164
0.191161,1.585171037,0.000859235
0.191602,1.584378971,0.000853664
0.192044,1.583594318,0.00084844
0.192486,1.582816973,0.000843549
0.19293,1.582046837,0.00083898
0.193375,1.581283811,0.000834721
0.193821,1.5805278,0.000830761
0.194267,1.579778708,0.000827088
0.194715,1.579036446,0.000823691
0.195164,1.578300922,0.000820561
0.195614,1.57757205,0.000817686
0.196065,1.576849742,0.000815056
0.196517,1.576133914,0.000812662
0.19697,1.575424484,0.000810494
0.197424,1.57472137,0.000808542
0.197879,1.574024492,0.000806797
0.198335,1.573333773,0.00080525
0.198792,1.572649136,0.000803892
0.199251,1.571970504,0.000802715
0.19971,1.571297805,0.00080171
0.20017,1.570630966,0.000800868
0.200632,1.569969914,0.000800182
0.201094,1.569314581,0.000799644
0.201558,1.568664896,0.000799245
0.202023,1.568020791,0.000798979
0.202488,1.567382201,0.000798838
0.202955,1.566749059,0.000798814
0.203423,1.566121301,0.000798901
0.203892,1.565498862,0.000799092
0.204362,1.564881682,0.00079938
0.204833,1.564269697,0.000799758
0.205305,1.563662847,0.000800221
0.205778,1.563061073,0.000800761
0.206253,1.562464316,0.000801372
0.206728,1.561872518,0.000802049
0.207205,1.561285621,0.000802786
0.207682,1.56070357,0.000803577
0.208161,1.56012631,0.000804417
0.208641,1.559553785,0.000805299
0.209122,1.558985942,0.00080622
0.209604,1.558422728,0.000807173
0.210087,1.557864091,0.000808154
0.210572,1.557309979,0.000809158
0.211057,1.556760342,0.00081018
0.211544,1.55621513,0.000811215
0.212031,1.555674293,0.00081226
0.21252,1.555137783,0.00081331
0.21301,1.554605551,0.00081436
0.213501,1.554077551,0.000815407
0.213993,1.553553735,0.000816446
0.214486,1.553034058,0.000817474
0.214981,1.552518475,0.000818487
0.215476,1.55200694,0.000819482
0.215973,1.55149941,0.000820454
0.216471,1.550995841,0.000821402
0.21697,1.550496189,0.000822321
0.21747,1.550000413,0.000823208
0.217972,1.54950847,0.00082406
0.218474,1.549020319,0.000824875
0.218978,1.54853592,0.00082565
0.219482,1.548055232,0.000826381
0.219988,1.547578216,0.000827067
0.220496,1.547104831,0.000827705
0.221004,1.54663504,0.000828293
0.221513,1.546168804,0.000828828
0.222024,1.545706086,0.000829309
0.222536,1.545246849,0.000829733
0.223049,1.544791054,0.000830098
0.223563,1.544338668,0.000830402
0.224078,1.543889652,0.000830645
0.224595,1.543443973,0.000830823
0.225113,1.543001595,0.000830936
0.225632,1.542562483,0.000830983
0.226152,1.542126605,0.00083096
0.226673,1.541693925,0.000830869
0.227196,1.541264411,0.000830707
0.227719,1.540838031,0.000830473
0.228244,1.540414751,0.000830166
0.22877,1.53999454,0.000829785
0.229298,1.539577367,0.00082933
0.229826,1.539163199,0.000828799
0.230356,1.538752007,0.000828193
0.230887,1.53834376,0.000827509
0.231419,1.537938428,0.000826749
0.231953,1.537535982,0.000825911
0.232488,1.537136392,0.000824995
0.233024,1.536739629,0.000824
0.233561,1.536345665,0.000822927
0.234099,1.535954471,0.000821775
0.234639,1.535566021,0.000820544
0.23518,1.535180286,0.000819235
0.235722,1.53479724,0.000817846
0.236265,1.534416855,0.000816379
0.23681,1.534039105,0.000814832
0.237356,1.533663964,0.000813208
0.237903,1.533291407,0.000811505
0.238451,1.532921408,0.000809724
0.239001,1.532553941,0.000807865
0.239552,1.532188982,0.000805929
0.240104,1.531826507,0.000803917
0.240658,1.531466491,0.000801828
0.241213,1.531108911,0.000799664
0.241769,1.530753742,0.000797424
0.242326,1.530400962,0.00079511
0.242885,1.530050547,0.000792723
0.243444,1.529702476,0.000790262
0.244006,1.529356725,0.000787729
0.244568,1.529013272,0.000785124
0.245132,1.528672095,0.000782449
0.245697,1.528333174,0.000779705
0.246263,1.527996486,0.000776891
0.246831,1.52766201,0.00077401
0.2474,1.527329727,0.000771061
0.24797,1.526999614,0.000768047
0.248542,1.526671653,0.000764968
0.249115,1.526345823,0.000761825
0.249689,1.526022104,0.000758619
0.250265,1.525700477,0.000755351
0.250842,1.525380923,0.000752023
0.25142,1.525063422,0.000748636
0.252,1.524747956,0.00074519
0.252581,1.524434506,0.000741687
0.253163,1.524123055,0.000738128
0.253746,1.523813584,0.000734515
0.254331,1.523506074,0.000730848
0.254918,1.52320051,0.000727129
0.255505,1.522896872,0.000723359
0.256094,1.522595145,0.000719539
0.256685,1.522295311,0.000715671
0.257276,1.521997353,0.000711756
0.257869,1.521701255,0.000707795
0.258464,1.521407001,0.000703789
0.25906,1.521114575,0.00069974
0.259657,1.52082396,0.000695649
0.260255,1.52053514,0.000691517
0.260855,1.520248102,0.000687346
0.261457,1.519962828,0.000683137
0.262059,1.519679305,0.000678891
0.262664,1.519397516,0.00067461
0.263269,1.519117448,0.000670294
0.263876,1.518839086,0.000665946
0.264484,1.518562415,0.000661566
0.265094,1.518287422,0.000657156
0.265705,1.518014091,0.000652717
0.266318,1.517742411,0.00064825
0.266932,1.517472365,0.000643757
0.267547,1.517203943,0.000639239
0.268164,1.516937129,0.000634698
0.268782,1.516671911,0.000630133
0.269401,1.516408275,0.000625547
0.270022,1.51614621,0.000620942
0.270645,1.515885701,0.000616317
0.271269,1.515626738,0.000611675
0.271894,1.515369306,0.000607016
0.272521,1.515113395,0.000602342
0.273149,1.514858992,0.000597655
0.273779,1.514606085,0.000592954
0.27441,1.514354662,0.000588242
0.275043,1.514104711,0.000583519
0.275677,1.513856222,0.000578787
0.276312,1.513609183,0.000574047
0.276949,1.513363582,0.000569299
0.277587,1.513119408,0.000564546
0.278227,1.512876651,0.000559788
0.278869,1.5126353,0.000555025
0.279512,1.512395343,0.00055026
0.280156,1.51215677,0.000545493
0.280802,1.511919572,0.000540726
0.281449,1.511683737,0.000535958
0.282098,1.511449255,0.000531192
0.282748,1.511216116,0.000526428
0.2834,1.51098431,0.000521667
0.284053,1.510753828,0.00051691
0.284708,1.510524659,0.000512159
0.285364,1.510296794,0.000507413
0.286022,1.510070223,0.000502674
0.286682,1.509844937,0.000497942
0.287342,1.509620926,0.000493219
0.288005,1.509398182,0.000488506
0.288669,1.509176694,0.000483802
0.289334,1.508956455,0.00047911
0.290001,1.508737455,0.000474429
0.29067,1.508519685,0.000469761
0.29134,1.508303137,0.000465106
0.292011,1.508087802,0.000460465
0.292685,1.507873671,0.000455838
0.293359,1.507660736,0.000451227
0.294036,1.507448988,0.000446632
0.294713,1.50723842,0.000442054
0.295393,1.507029022,0.000437493
0.296074,1.506820788,0.00043295
0.296756,1.506613708,0.000428425
0.29744,1.506407776,0.00042392
0.298126,1.506202982,0.000419435
0.298813,1.505999319,0.000414969
0.299502,1.50579678,0.000410525
0.300193,1.505595357,0.000406102
0.300885,1.505395042,0.0004017
0.301578,1.505195828,0.000397321
0.302273,1.504997707,0.000392965
0.30297,1.504800672,0.000388632
0.303669,1.504604716,0.000384323
0.304369,1.504409831,0.000380038
0.30507,1.504216011,0.000375777
0.305774,1.504023248,0.000371541
0.306478,1.503831535,0.000367331
0.307185,1.503640865,0.000363146
0.307893,1.503451232,0.000358987
0.308603,1.503262628,0.000354855
0.309314,1.503075047,0.000350749
0.310027,1.502888481,0.00034667
0.310742,1.502702925,0.000342619
0.311458,1.502518372,0.000338595
0.312176,1.502334814,0.000334598
0.312896,1.502152246,0.00033063
0.313617,1.501970661,0.00032669
0.31434,1.501790052,0.000322778
0.315065,1.501610413,0.000318895
0.315791,1.501431738,0.000315041
0.316519,1.50125402,0.000311216
0.317249,1.501077252,0.00030742
0.31798,1.500901428,0.000303654
0.318713,1.500726541,0.000299917
0.319448,1.500552585,0.00029621
0.320184,1.500379552,0.000292532
0.320922,1.500207434,0.000288885
0.321662,1.500036223,0.000285267
0.322404,1.499865906,0.00028168
0.323147,1.499696444,0.000278122
0.323892,1.499527881,0.000274719
0.324638,1.499360273,0.000271345
0.325387,1.499193578,0.000268001
0.326137,1.499027783,0.000264685
0.326889,1.498862878,0.000261399
0.327642,1.498698856,0.000258142
0.328398,1.49853571,0.000254915
0.329155,1.498373433,0.000251716
0.329913,1.49821202,0.000248547
0.330674,1.498051465,0.000245408
0.331436,1.497891762,0.000242297
0.3322,1.497732906,0.000239216
0.332966,1.497574891,0.000236164
0.333734,1.497417711,0.000233142
0.334503,1.497261361,0.000230149
0.335274,1.497105837,0.000227185
0.336047,1.496951132,0.00022425
0.336822,1.496797242,0.000221345
0.337598,1.496644162,0.000218468
0.338376,1.496491887,0.000215621
0.339156,1.496340411,0.000212802
0.339938,1.49618973,0.000210012
0.340722,1.496039839,0.000207251
0.341507,1.495890733,0.000204519
0.342294,1.495742408,0.000201815
0.343084,1.495594858,0.00019914
0.343874,1.495448079,0.000196494
0.344667,1.495302066,0.000193875
0.345462,1.495156815,0.000191285
0.346258,1.495012321,0.000188722
0.347056,1.494868579,0.000186188
0.347856,1.494725585,0.000183681
0.348658,1.494583335,0.000181202
0.349462,1.494441823,0.00017875
0.350268,1.494301046,0.000176326
0.351075,1.494160999,0.000173929
0.351884,1.494021678,0.000171559
0.352695,1.493883078,0.000169216
0.353509,1.493745196,0.0001669
0.354323,1.493608026,0.00016461
0.35514,1.493471565,0.000162347
0.355959,1.493335808,0.00016011
0.356779,1.493200752,0.000157899
0.357602,1.493066391,0.000155714
0.358426,1.492932723,0.000153555
0.359253,1.492799742,0.000151421
0.360081,1.492667445,0.000149312
0.360911,1.492535828,0.000147229
0.361743,1.492404887,0.000145171
0.362577,1.492274617,0.000143137
0.363413,1.492145015,0.000141129
0.36425,1.492016077,0.000139144
0.36509,1.491887799,0.000137184
0.365932,1.491760176,0.000135248
0.366775,1.491633206,0.000133336
0.367621,1.491506884,0.000131447
0.368468,1.491381207,0.000129582
0.369317,1.491256171,0.000127741
0.370169,1.491131771,0.000125922
0.371022,1.491008005,0.000124126
0.371877,1.490884868,0.000122353
0.372735,1.490762357,0.000120602
0.373594,1.490640468,0.000118874
0.374455,1.490519197,0.000117168
0.375318,1.490398541,0.000115483
0.376184,1.490278497,0.00011382
0.377051,1.49015906,0.000112179
0.37792,1.490040228,0.000110559
0.378791,1.489921996,0.00010896
0.379664,1.489804361,0.000107382
0.38054,1.48968732,0.000105824
0.381417,1.489570868,0.000104287
0.382296,1.489455004,0.00010277
0.383177,1.489339722,0.000101273
0.384061,1.489225021,9.98E-05
0.384946,1.489110896,9.83E-05
0.385833,1.488997344,9.69E-05
0.386723,1.488884361,9.55E-05
0.387614,1.488771946,9.41E-05
0.388508,1.488660093,9.27E-05
0.389404,1.4885488,9.13E-05
0.390301,1.488438063,9.00E-05
0.391201,1.48832788,8.87E-05
0.392103,1.488218247,8.74E-05
0.393007,1.488109161,8.61E-05
0.393913,1.488000618,8.48E-05
0.394821,1.487892616,8.35E-05
0.395731,1.487785151,8.23E-05
0.396643,1.487678221,8.11E-05
0.397557,1.487571822,7.99E-05
0.398474,1.48746595,7.87E-05
0.399392,1.487360604,7.75E-05
0.400313,1.487255779,7.64E-05
0.401236,1.487151473,7.52E-05
0.402161,1.487047683,7.41E-05
0.403088,1.486944406,7.30E-05
0.404017,1.486841639,7.19E-05
0.404949,1.486739378,7.08E-05
0.405882,1.486637621,6.98E-05
0.406818,1.486536366,6.87E-05
0.407756,1.486435608,6.77E-05
0.408696,1.486335346,6.67E-05
0.409638,1.486235575,6.57E-05
0.410582,1.486136294,6.47E-05
0.411528,1.4860375,6.37E-05
0.412477,1.485939189,6.28E-05
0.413428,1.485841359,6.18E-05
0.414381,1.485744008,6.09E-05
0.415336,1.485647131,6.00E-05
0.416294,1.485550727,5.91E-05
0.417253,1.485454793,5.82E-05
0.418215,1.485359326,5.73E-05
0.419179,1.485264323,5.64E-05
0.420146,1.485169781,5.56E-05
0.421114,1.485075699,5.47E-05
0.422085,1.484982073,5.39E-05
0.423058,1.4848889,5.31E-05
0.424033,1.484796179,5.23E-05
0.425011,1.484703905,5.15E-05
0.42599,1.484612077,5.07E-05
0.426972,1.484520693,4.99E-05
0.427957,1.484429749,4.92E-05
0.428943,1.484339242,4.84E-05
0.429932,1.484249171,4.77E-05
0.430923,1.484159533,4.70E-05
0.431917,1.484070326,4.62E-05
0.432912,1.483981546,4.55E-05
0.43391,1.483893191,4.48E-05
0.43491,1.483805259,4.42E-05
0.435913,1.483717747,4.35E-05
0.436918,1.483630654,4.28E-05
0.437925,1.483543976,4.22E-05
0.438935,1.48345771,4.15E-05
0.439946,1.483371856,4.09E-05
0.440961,1.483286409,4.03E-05
0.441977,1.483201369,3.97E-05
0.442996,1.483116731,3.90E-05
0.444017,1.483032495,3.84E-05
0.445041,1.482948658,3.79E-05
0.446067,1.482865217,3.73E-05
0.447095,1.48278217,3.67E-05
0.448126,1.482699515,3.61E-05
0.449159,1.482617249,3.56E-05
0.450194,1.482535371,3.50E-05
0.451232,1.482453877,3.45E-05
0.452272,1.482372766,3.40E-05
0.453315,1.482292036,3.35E-05
0.45436,1.482211684,3.29E-05
0.455407,1.482131708,3.24E-05
0.456457,1.482052105,3.19E-05
0.457509,1.481972874,3.15E-05
0.458564,1.481894013,3.10E-05
0.459621,1.481815518,3.05E-05
0.460681,1.481737389,3.00E-05
0.461743,1.481659623,2.96E-05
0.462807,1.481582217,2.91E-05
0.463874,1.48150517,2.87E-05
0.464943,1.48142848,2.82E-05
0.466015,1.481352144,2.78E-05
0.467089,1.481276161,2.74E-05
0.468166,1.481200528,2.69E-05
0.469245,1.481125243,2.65E-05
0.470327,1.481050304,2.61E-05
0.471411,1.48097571,2.57E-05
0.472498,1.480901457,2.53E-05
0.473587,1.480827545,2.49E-05
0.474679,1.480753971,2.46E-05
0.475773,1.480680733,2.42E-05
0.47687,1.480607829,2.38E-05
0.477969,1.480535257,2.34E-05
0.479071,1.480463015,2.31E-05
0.480175,1.480391102,2.27E-05
0.481282,1.480319514,2.24E-05
0.482392,1.480248251,2.20E-05
0.483504,1.480177311,2.17E-05
0.484618,1.480106691,2.14E-05
0.485736,1.48003639,2.10E-05
0.486855,1.479966405,2.07E-05
0.487978,1.479896735,2.04E-05
0.489102,1.479827379,2.01E-05
0.49023,1.479758333,1.98E-05
0.49136,1.479689597,1.95E-05
0.492493,1.479621168,1.92E-05
0.493628,1.479553044,1.89E-05
0.494766,1.479485225,1.86E-05
0.495907,1.479417707,1.83E-05
0.49705,1.47935049,1.80E-05
0.498196,1.479283571,1.78E-05
0.499344,1.479216948,1.75E-05
0.500495,1.479150621,1.72E-05
0.501649,1.479084586,1.70E-05
0.502805,1.479018843,1.67E-05
0.503964,1.478953389,1.64E-05
0.505126,1.478888223,1.62E-05
0.506291,1.478823343,1.59E-05
0.507458,1.478758748,1.57E-05
0.508628,1.478694435,1.55E-05
0.5098,1.478630404,1.52E-05
0.510975,1.478566651,1.50E-05
0.512153,1.478503177,1.48E-05
0.513334,1.478439978,1.45E-05
0.514517,1.478377053,1.43E-05
0.515703,1.478314401,1.41E-05
0.516892,1.47825202,1.39E-05
0.518084,1.478189909,1.37E-05
0.519278,1.478128065,1.35E-05
0.520475,1.478066487,1.33E-05
0.521675,1.478005174,1.31E-05
0.522877,1.477944124,1.29E-05
0.524083,1.477883335,1.27E-05
0.525291,1.477822805,1.25E-05
0.526502,1.477762534,1.23E-05
0.527716,1.47770252,1.21E-05
0.528932,1.47764276,1.19E-05
0.530151,1.477583254,1.17E-05
0.531373,1.477523999,1.16E-05
0.532598,1.477464995,1.14E-05
0.533826,1.47740624,1.12E-05
0.535057,1.477347733,1.10E-05
0.53629,1.477289471,1.09E-05
0.537526,1.477231453,1.07E-05
0.538766,1.477173678,1.05E-05
0.540008,1.477116144,1.04E-05
0.541252,1.477058851,1.02E-05
0.5425,1.477001795,1.01E-05
0.543751,1.476944976,9.92E-06
0.545004,1.476888393,9.77E-06
0.546261,1.476832044,9.62E-06
0.54752,1.476775927,9.48E-06
0.548782,1.476720042,9.34E-06
0.550047,1.476664386,9.20E-06
0.551315,1.476608958,9.06E-06
0.552586,1.476553757,8.92E-06
0.55386,1.476498781,8.79E-06
0.555137,1.476444029,8.66E-06
0.556416,1.4763895,8.53E-06
0.557699,1.476335192,8.40E-06
0.558985,1.476281104,8.27E-06
0.560273,1.476227234,8.15E-06
0.561565,1.476173582,8.03E-06
0.562859,1.476120145,7.91E-06
0.564157,1.476066922,7.79E-06
0.565457,1.476013912,7.67E-06
0.566761,1.475961114,7.56E-06
0.568067,1.475908526,7.45E-06
0.569377,1.475856148,7.34E-06
0.570689,1.475803976,7.23E-06
0.572005,1.475752011,7.12E-06
0.573324,1.475700252,7.01E-06
0.574645,1.475648695,6.91E-06
0.57597,1.475597342,6.81E-06
0.577298,1.475546189,6.71E-06
0.578629,1.475495236,6.61E-06
0.579962,1.475444482,6.51E-06
0.581299,1.475393925,6.41E-06
0.582639,1.475343564,6.32E-06
0.583983,1.475293397,6.23E-06
0.585329,1.475243424,6.13E-06
0.586678,1.475193644,6.04E-06
0.588031,1.475144054,5.95E-06
0.589386,1.475094654,5.87E-06
0.590745,1.475045442,5.78E-06
0.592107,1.474996418,5.69E-06
0.593471,1.47494758,5.61E-06
0.59484,1.474898927,5.53E-06
0.596211,1.474850457,5.45E-06
0.597585,1.474802169,5.37E-06
0.598963,1.474754063,5.29E-06
0.600344,1.474706137,5.21E-06
0.601728,1.47465839,5.14E-06
0.603115,1.47461082,5.06E-06
0.604505,1.474563427,4.99E-06
0.605898,1.474516208,4.91E-06
0.607295,1.474469165,4.84E-06
0.608695,1.474422293,4.77E-06
0.610098,1.474375594,4.70E-06
0.611505,1.474329066,4.63E-06
0.612914,1.474282706,4.57E-06
0.614327,1.474236516,4.50E-06
0.615744,1.474190492,4.44E-06
0.617163,1.474144634,4.37E-06
0.618586,1.474098942,4.31E-06
0.620012,1.474053413,4.25E-06
0.621441,1.474008047,4.18E-06
0.622874,1.473962842,4.12E-06
0.624309,1.473917798,4.06E-06
0.625749,1.473872913,4.01E-06
0.627191,1.473828186,3.95E-06
0.628637,1.473783617,3.89E-06
0.630086,1.473739203,3.84E-06
0.631539,1.473694945,3.78E-06
0.632994,1.47365084,3.73E-06
0.634454,1.473606888,3.67E-06
0.635916,1.473563088,3.62E-06
0.637382,1.473519439,3.57E-06
0.638851,1.473475939,3.52E-06
0.640324,1.473432588,3.47E-06
0.6418,1.473389384,3.42E-06
0.64328,1.473346327,3.37E-06
0.644763,1.473303415,3.32E-06
0.646249,1.473260647,3.27E-06
0.647739,1.473218023,3.23E-06
0.649232,1.473175541,3.18E-06
0.650729,1.4731332,3.14E-06
0.652229,1.473090999,3.09E-06
0.653732,1.473048938,3.05E-06
0.655239,1.473007014,3.01E-06
0.65675,1.472965228,2.96E-06
0.658264,1.472923578,2.92E-06
0.659781,1.472882063,2.88E-06
0.661302,1.472840682,2.84E-06
0.662827,1.472799435,2.80E-06
0.664354,1.472758319,2.76E-06
0.665886,1.472717334,2.72E-06
0.667421,1.47267648,2.68E-06
0.66896,1.472635755,2.65E-06
0.670502,1.472595158,2.61E-06
0.672047,1.472554688,2.57E-06
0.673597,1.472514345,2.54E-06
0.675149,1.472474126,2.50E-06
0.676706,1.472434032,2.47E-06
0.678266,1.472394062,2.43E-06
0.679829,1.472354213,2.40E-06
0.681396,1.472314486,2.36E-06
0.682967,1.47227488,2.33E-06
0.684542,1.472235393,2.30E-06
0.68612,1.472196024,2.27E-06
0.687701,1.472156774,2.24E-06
0.689287,1.472117639,2.21E-06
0.690876,1.472078621,2.18E-06
0.692468,1.472039717,2.15E-06
0.694065,1.472000928,2.12E-06
0.695665,1.471962251,2.09E-06
0.697268,1.471923686,2.06E-06
0.698876,1.471885233,2.03E-06
0.700487,1.471846889,2.00E-06
0.702101,1.471808655,1.97E-06
0.70372,1.471770529,1.95E-06
0.705342,1.471732511,1.92E-06
0.706968,1.471694599,1.89E-06
0.708598,1.471656793,1.87E-06
0.710231,1.471619091,1.84E-06
0.711869,1.471581494,1.82E-06
0.71351,1.471543999,1.79E-06
0.715154,1.471506606,1.77E-06
0.716803,1.471469315,1.75E-06
0.718455,1.471432124,1.72E-06
0.720112,1.471395032,1.70E-06
0.721772,1.471358039,1.68E-06
0.723436,1.471321143,1.65E-06
0.725103,1.471284345,1.63E-06
0.726775,1.471247642,1.61E-06
0.72845,1.471211034,1.59E-06
0.730129,1.47117452,1.57E-06
0.731813,1.4711381,1.54E-06
0.7335,1.471101772,1.52E-06
0.73519,1.471065536,1.50E-06
0.736885,1.47102939,1.48E-06
0.738584,1.470993335,1.46E-06
0.740287,1.470957368,1.44E-06
0.741993,1.470921489,1.43E-06
0.743704,1.470885698,1.41E-06
0.745418,1.470849993,1.39E-06
0.747136,1.470814374,1.37E-06
0.748859,1.47077884,1.35E-06
0.750585,1.47074339,1.33E-06
0.752315,1.470708022,1.32E-06
0.75405,1.470672737,1.30E-06
0.755788,1.470637534,1.28E-06
0.75753,1.470602411,1.26E-06
0.759276,1.470567368,1.25E-06
0.761027,1.470532404,1.23E-06
0.762781,1.470497518,1.22E-06
0.764539,1.47046271,1.20E-06
0.766302,1.470427977,1.18E-06
0.768068,1.470393321,1.17E-06
0.769839,1.47035874,1.15E-06
0.771614,1.470324232,1.14E-06
0.773392,1.470289798,1.12E-06
0.775175,1.470255436,1.11E-06
0.776962,1.470221146,1.09E-06
0.778753,1.470186927,1.08E-06
0.780548,1.470152778,1.07E-06
0.782348,1.470118698,1.05E-06
0.784151,1.470084686,1.04E-06
0.785959,1.470050743,1.03E-06
0.787771,1.470016865,1.01E-06
0.789587,1.469983054,9.99E-07
0.791407,1.469949309,9.86E-07
0.793231,1.469915627,9.74E-07
0.79506,1.46988201,9.61E-07
0.796893,1.469848455,9.49E-07
0.79873,1.469814963,9.37E-07
0.800571,1.469781531,9.25E-07
0.802417,1.46974816,9.13E-07
0.804266,1.469714849,9.02E-07
0.80612,1.469681597,8.90E-07
0.807979,1.469648403,8.79E-07
0.809841,1.469615267,8.68E-07
0.811708,1.469582187,8.57E-07
0.813579,1.469549163,8.46E-07
0.815455,1.469516194,8.35E-07
0.817335,1.46948328,8.25E-07
0.819219,1.469450419,8.14E-07
0.821107,1.46941761,8.04E-07
0.823,1.469384854,7.94E-07
0.824897,1.469352149,7.84E-07
0.826799,1.469319495,7.74E-07
0.828705,1.46928689,7.65E-07
0.830615,1.469254334,7.55E-07
0.83253,1.469221826,7.46E-07
0.834449,1.469189366,7.36E-07
0.836373,1.469156953,7.27E-07
0.838301,1.469124585,7.18E-07
0.840233,1.469092262,7.09E-07
0.84217,1.469059984,7.01E-07
0.844112,1.46902775,6.92E-07
0.846057,1.468995558,6.83E-07
0.848008,1.468963409,6.75E-07
0.849963,1.468931301,6.67E-07
0.851922,1.468899233,6.58E-07
0.853886,1.468867206,6.50E-07
0.855854,1.468835217,6.42E-07
0.857827,1.468803267,6.35E-07
0.859805,1.468771354,6.27E-07
0.861787,1.468739479,6.19E-07
0.863773,1.468707639,6.12E-07
0.865765,1.468675835,6.04E-07
0.86776,1.468644066,5.97E-07
0.869761,1.46861233,5.90E-07
0.871766,1.468580628,5.82E-07
0.873776,1.468548958,5.75E-07
0.87579,1.46851732,5.69E-07
0.877809,1.468485712,5.62E-07
0.879832,1.468454135,5.55E-07
0.88186,1.468422587,5.48E-07
0.883893,1.468391068,5.42E-07
0.885931,1.468359577,5.35E-07
0.887973,1.468328113,5.29E-07
0.89002,1.468296676,5.22E-07
0.892072,1.468265264,5.16E-07
0.894128,1.468233878,5.10E-07
0.89619,1.468202515,5.04E-07
0.898255,1.468171177,4.98E-07
0.900326,1.468139861,4.92E-07
0.902402,1.468108567,4.86E-07
0.904482,1.468077294,4.81E-07
0.906567,1.468046042,4.75E-07
0.908657,1.46801481,4.69E-07
0.910751,1.467983597,4.64E-07
0.912851,1.467952402,4.58E-07
0.914955,1.467921225,4.53E-07
0.917064,1.467890065,4.48E-07
0.919179,1.467858921,4.42E-07
0.921297,1.467827792,4.37E-07
0.923421,1.467796679,4.32E-07
0.92555,1.467765579,4.27E-07
0.927684,1.467734492,4.22E-07
0.929822,1.467703418,4.17E-07
0.931966,1.467672356,4.12E-07
0.934114,1.467641305,4.08E-07
0.936267,1.467610264,4.03E-07
0.938426,1.467579232,3.98E-07
0.940589,1.46754821,3.94E-07
0.942757,1.467517195,3.89E-07
0.94493,1.467486188,3.85E-07
0.947109,1.467455187,3.80E-07
0.949292,1.467424193,3.76E-07
0.95148,1.467393203,3.72E-07
0.953674,1.467362218,3.67E-07
0.955872,1.467331237,3.63E-07
0.958076,1.467300259,3.59E-07
0.960284,1.467269282,3.55E-07
0.962498,1.467238308,3.51E-07
0.964717,1.467207334,3.47E-07
0.966941,1.46717636,3.43E-07
0.96917,1.467145385,3.39E-07
0.971404,1.467114409,3.35E-07
0.973643,1.46708343,3.31E-07
0.975888,1.467052449,3.28E-07
0.978137,1.467021464,3.24E-07
0.980392,1.466990474,3.20E-07
0.982652,1.466959479,3.17E-07
0.984918,1.466928479,3.13E-07
0.987188,1.466897471,3.10E-07
0.989464,1.466866457,3.06E-07
0.991745,1.466835434,3.03E-07
0.994031,1.466804402,3.00E-07
0.996322,1.46677336,2.96E-07
0.998619,1.466742308,2.93E-07
1.00092,1.466711245,2.90E-07
1.00323,1.46668017,2.87E-07
1.00554,1.466649083,2.83E-07
1.00786,1.466617982,2.80E-07
1.01018,1.466586867,2.77E-07
1.01251,1.466555737,2.74E-07
1.01485,1.466524591,2.71E-07
1.01718,1.466493429,2.68E-07
1.01953,1.466462249,2.65E-07
1.02188,1.466431052,2.62E-07
1.02424,1.466399836,2.60E-07
1.0266,1.466368601,2.57E-07
1.02896,1.466337345,2.54E-07
1.03134,1.466306069,2.51E-07
1.03371,1.46627477,2.48E-07
1.0361,1.46624345,2.46E-07
1.03848,1.466212106,2.43E-07
1.04088,1.466180738,2.41E-07
1.04328,1.466149345,2.38E-07
1.04568,1.466117926,2.35E-07
1.04809,1.466086482,2.33E-07
1.05051,1.46605501,2.30E-07
1.05293,1.46602351,2.28E-07
1.05536,1.465991982,2.26E-07
1.05779,1.465960424,2.23E-07
1.06023,1.465928836,2.21E-07
1.06267,1.465897217,2.18E-07
1.06512,1.465865566,2.16E-07
1.06758,1.465833883,2.14E-07
1.07004,1.465802166,2.12E-07
1.07251,1.465770415,2.09E-07
1.07498,1.465738629,2.07E-07
1.07746,1.465706808,2.05E-07
1.07994,1.46567495,2.03E-07
1.08243,1.465643055,2.01E-07
1.08493,1.465611121,1.99E-07
1.08743,1.465579149,1.97E-07
1.08993,1.465547137,1.95E-07
1.09245,1.465515084,1.92E-07
1.09496,1.46548299,1.90E-07
1.09749,1.465450854,1.89E-07
1.10002,1.465418676,1.87E-07
1.10255,1.465386453,1.85E-07
1.1051,1.465354186,1.83E-07
1.10764,1.465321873,1.81E-07
1.1102,1.465289514,1.79E-07
1.11276,1.465257108,1.77E-07
1.11532,1.465224655,1.75E-07
1.11789,1.465192153,1.74E-07
1.12047,1.465159601,1.72E-07
1.12305,1.465126998,1.70E-07
1.12564,1.465094345,1.68E-07
1.12824,1.46506164,1.67E-07
1.13084,1.465028882,1.65E-07
1.13344,1.46499607,1.63E-07
1.13606,1.464963203,1.62E-07
1.13868,1.464930282,1.60E-07
1.1413,1.464897303,1.58E-07
1.14393,1.464864268,1.57E-07
1.14657,1.464831175,1.55E-07
1.14921,1.464798023,1.54E-07
1.15186,1.464764812,1.52E-07
1.15452,1.464731539,1.51E-07
1.15718,1.464698206,1.49E-07
1.15984,1.46466481,1.48E-07
1.16252,1.464631351,1.46E-07
1.1652,1.464597828,1.45E-07
1.16788,1.46456424,1.43E-07
1.17058,1.464530586,1.42E-07
1.17328,1.464496865,1.41E-07
1.17598,1.464463077,1.39E-07
1.17869,1.46442922,1.38E-07
1.18141,1.464395294,1.36E-07
1.18413,1.464361297,1.35E-07
1.18686,1.46432723,1.34E-07
1.1896,1.46429309,1.33E-07
1.19234,1.464258877,1.31E-07
1.19509,1.464224589,1.30E-07
1.19784,1.464190227,1.29E-07
1.2006,1.46415579,1.28E-07
1.20337,1.464121275,1.26E-07
1.20615,1.464086682,1.25E-07
1.20893,1.464052011,1.24E-07
1.21171,1.46401726,1.23E-07
1.21451,1.463982429,1.22E-07
1.21731,1.463947516,1.21E-07
1.22011,1.46391252,1.20E-07
1.22293,1.463877441,1.18E-07
1.22574,1.463842277,1.17E-07
1.22857,1.463807028,1.16E-07
1.2314,1.463771692,1.15E-07
1.23424,1.463736269,1.14E-07
1.23709,1.463700757,1.14E-07
1.23994,1.463665156,1.13E-07
1.2428,1.463629465,1.12E-07
1.24566,1.463593682,1.11E-07
1.24853,1.463557806,1.10E-07
1.25141,1.463521837,1.09E-07
1.2543,1.463485773,1.09E-07
1.25719,1.463449613,1.08E-07
1.26009,1.463413357,1.07E-07
1.26299,1.463377003,1.07E-07
1.2659,1.46334055,1.06E-07
1.26882,1.463303997,1.06E-07
1.27174,1.463267343,1.06E-07
1.27468,1.463230588,1.05E-07
1.27761,1.463193728,1.05E-07
1.28056,1.463156765,1.05E-07
1.28351,1.463119696,1.05E-07
1.28647,1.463082521,1.05E-07
1.28944,1.463045238,1.06E-07
1.29241,1.463007846,1.06E-07
1.29539,1.462970345,1.07E-07
1.29837,1.462932732,1.08E-07
1.30137,1.462895007,1.09E-07
1.30437,1.462857168,1.10E-07
1.30737,1.462819215,1.11E-07
1.31039,1.462781146,1.13E-07
1.31341,1.46274296,1.15E-07
1.31644,1.462704656,1.17E-07
1.31947,1.462666233,1.20E-07
1.32251,1.462627688,1.23E-07
1.32556,1.462589022,1.26E-07
1.32862,1.462550232,1.30E-07
1.33168,1.462511318,1.35E-07
1.33475,1.462472279,1.39E-07
1.33783,1.462433112,1.45E-07
1.34091,1.462393817,1.51E-07
1.344,1.462354392,1.58E-07
1.3471,1.462314836,1.65E-07
1.35021,1.462275148,1.74E-07
1.35332,1.462235326,1.83E-07
1.35644,1.462195369,1.93E-07
1.35956,1.462155276,2.05E-07
1.3627,1.462115044,2.17E-07
1.36584,1.462074674,2.31E-07
1.36899,1.462034163,2.46E-07
1.37214,1.461993509,2.62E-07
1.37531,1.461952713,2.80E-07
1.37848,1.461911771,3.00E-07
1.38166,1.461870682,3.22E-07
1.38484,1.461829446,3.45E-07
1.38803,1.46178806,3.71E-07
1.39123,1.461746523,3.99E-07
1.39444,1.461704833,4.30E-07
1.39765,1.46166299,4.63E-07
1.40088,1.46162099,4.99E-07
1.40411,1.461578834,5.38E-07
1.40734,1.461536518,5.80E-07
1.41059,1.461494042,6.26E-07
1.41384,1.461451404,6.76E-07
1.4171,1.461408602,7.29E-07
1.42036,1.461365635,7.88E-07
1.42364,1.461322501,8.50E-07
1.42692,1.461279198,9.18E-07
1.43021,1.461235724,9.91E-07
1.43351,1.461192078,1.07E-06
1.43681,1.461148259,1.15E-06
1.44012,1.461104264,1.25E-06
1.44344,1.461060091,1.34E-06
1.44677,1.461015739,1.45E-06
1.45011,1.460971207,1.56E-06
1.45345,1.460926492,1.68E-06
1.4568,1.460881592,1.81E-06
1.46016,1.460836506,1.95E-06
1.46352,1.460791231,2.10E-06
1.4669,1.460745767,2.26E-06
1.47028,1.460700111,2.43E-06
1.47367,1.460654262,2.61E-06
1.47707,1.460608217,2.80E-06
1.48047,1.460561975,3.01E-06
1.48388,1.460515534,3.23E-06
1.4873,1.460468891,3.47E-06
1.49073,1.460422046,3.72E-06
1.49417,1.460374995,3.98E-06
1.49761,1.460327739,4.27E-06
1.50107,1.460280274,4.57E-06
1.50453,1.460232598,4.88E-06
1.50799,1.46018471,5.22E-06
1.51147,1.460136608,5.58E-06
1.51496,1.46008829,5.96E-06
1.51845,1.460039754,6.36E-06
1.52195,1.459990999,6.79E-06
1.52546,1.459942022,7.24E-06
1.52897,1.459892821,7.72E-06
1.5325,1.459843396,8.22E-06
1.53603,1.459793743,8.75E-06
1.53957,1.459743862,9.31E-06
1.54312,1.45969375,9.90E-06
1.54668,1.459643406,1.05E-05
1.55024,1.459592828,1.12E-05
1.55382,1.459542014,1.19E-05
1.5574,1.459490963,1.26E-05
1.56099,1.459439672,1.34E-05
1.56459,1.459388141,1.42E-05
1.56819,1.459336368,1.50E-05
1.57181,1.45928435,1.59E-05
1.57543,1.459232087,1.68E-05
1.57906,1.459179577,1.78E-05
1.5827,1.459126818,1.88E-05
1.58635,1.45907381,1.99E-05
1.59001,1.459020549,2.10E-05
1.59368,1.458967036,2.22E-05
1.59735,1.458913269,2.34E-05
1.60103,1.458859246,2.47E-05
1.60472,1.458804967,2.60E-05
1.60842,1.458750429,2.74E-05
1.61213,1.458695632,2.88E-05
1.61585,1.458640575,3.03E-05
1.61957,1.458585256,3.19E-05
1.6233,1.458529675,3.35E-05
1.62705,1.45847383,3.52E-05
1.6308,1.458417721,3.70E-05
1.63456,1.458361347,3.88E-05
1.63832,1.458304706,4.08E-05
1.6421,1.458247798,4.27E-05
1.64589,1.458190623,4.48E-05
1.64968,1.458133179,4.69E-05
1.65348,1.458075465,4.92E-05
1.6573,1.458017482,5.15E-05
1.66112,1.457959229,5.38E-05
1.66494,1.457900705,5.63E-05
1.66878,1.45784191,5.88E-05
1.67263,1.457782843,6.15E-05
1.67649,1.457723504,6.42E-05
1.68035,1.457663893,6.70E-05
1.68422,1.457604009,6.99E-05
1.68811,1.457543853,7.29E-05
1.692,1.457483424,7.60E-05
1.6959,1.457422721,7.92E-05
1.69981,1.457361746,8.25E-05
1.70373,1.457300498,8.58E-05
1.70765,1.457238976,8.93E-05
1.71159,1.457177182,9.29E-05
1.71554,1.457115115,9.66E-05
1.71949,1.457052775,0.00010034
1.72345,1.456990162,0.000104222
1.72743,1.456927277,0.000108209
1.73141,1.456864119,0.0001123
1.7354,1.45680069,0.000116497
1.7394,1.456736989,0.0001208
1.74341,1.456673016,0.000125209
1.74743,1.456608772,0.000129724
1.75146,1.456544257,0.000134348
1.7555,1.456479472,0.000139078
1.75954,1.456414417,0.000143917
1.7636,1.456349092,0.000148863
1.76766,1.456283497,0.000153917
1.77174,1.456217633,0.000159078
1.77582,1.4561515,0.000164347
1.77992,1.456085098,0.000169723
1.78402,1.456018428,0.000175206
1.78813,1.455951489,0.000180795
1.79226,1.455884283,0.00018649
1.79639,1.455816809,0.000192289
1.80053,1.455749067,0.000198192
1.80468,1.455681058,0.000204199
1.80884,1.455612781,0.000210307
1.81301,1.455544237,0.000216516
1.81719,1.455475425,0.000222825
1.82138,1.455406345,0.000229232
1.82558,1.455336998,0.000235735
1.82978,1.455267382,0.000242334
1.834,1.455197498,0.000249026
1.83823,1.455127345,0.000255809
1.84247,1.455056923,0.000262682
1.84671,1.454986231,0.000269642
1.85097,1.454915267,0.000276688
1.85524,1.454844033,0.000283817
1.85952,1.454772526,0.000291026
1.8638,1.454700745,0.000298314
1.8681,1.45462869,0.000305677
1.87241,1.454556359,0.000313113
1.87672,1.454483751,0.00032062
1.88105,1.454410864,0.000328194
1.88538,1.454337696,0.000335832
1.88973,1.454264245,0.000343532
1.89409,1.454190511,0.00035129
1.89845,1.454116489,0.000359103
1.90283,1.454042179,0.000366968
1.90722,1.453967577,0.000374881
1.91161,1.453892682,0.000382839
1.91602,1.453817489,0.000390838
1.92044,1.453741997,0.000398875
1.92486,1.453666201,0.000406946
1.9293,1.4535901,0.000415047
1.93375,1.453513688,0.000423175
1.93821,1.453436962,0.000431326
1.94267,1.453359918,0.000439496
1.94715,1.453282552,0.00044768
1.95164,1.45320486,0.000455875
1.95614,1.453126836,0.000464077
1.96065,1.453048476,0.000472282
1.96517,1.452969776,0.000480486
1.9697,1.452890728,0.000488684
1.97424,1.452811329,0.000496873
1.97879,1.452731572,0.000505047
1.98335,1.45265145,0.000513204
1.98792,1.452570958,0.000521339
1.99251,1.45249009,0.000529447
1.9971,1.452408837,0.000537525
2.0017,1.452327194,0.000545568
2.00632,1.452245153,0.000553572
2.01094,1.452162706,0.000561534
2.01558,1.452079844,0.000569448
2.02023,1.451996561,0.00057731
2.02488,1.451912848,0.000585117
2.02955,1.451828695,0.000592864
2.03423,1.451744093,0.000600548
2.03892,1.451659034,0.000608164
2.04362,1.451573507,0.000615708
2.04833,1.451487503,0.000623177
2.05305,1.451401011,0.000630566
2.05778,1.451314021,0.000637872
2.06253,1.451226521,0.000645091
2.06728,1.4511385,0.000652219
2.07205,1.451049947,0.000659252
2.07682,1.450960849,0.000666188
2.08161,1.450871194,0.000673021
2.08641,1.45078097,0.00067975
2.09122,1.450690163,0.00068637
2.09604,1.45059876,0.000692879
2.10087,1.450506746,0.000699272
2.10572,1.450414108,0.000705548
2.11057,1.450320831,0.000711702
2.11544,1.4502269,0.000717732
2.12031,1.450132299,0.000723635
2.1252,1.450037012,0.000729409
2.1301,1.449941022,0.00073505
2.13501,1.449844312,0.000740556
2.13993,1.449746866,0.000745925
2.14486,1.449648664,0.000751154
2.14981,1.449549688,0.000756241
2.15476,1.44944992,0.000761184
2.15973,1.449349338,0.000765982
2.16471,1.449247923,0.000770631
2.1697,1.449145654,0.000775131
2.1747,1.449042508,0.000779479
2.17972,1.448938463,0.000783676
2.18474,1.448833496,0.000787718
2.18978,1.448727582,0.000791606
2.19482,1.448620696,0.000795339
2.19988,1.448512812,0.000798917
2.20496,1.448403903,0.000802338
2.21004,1.44829394,0.000805604
2.21513,1.448182895,0.000808716
2.22024,1.448070737,0.000811674
2.22536,1.447957435,0.00081448
2.23049,1.447842954,0.000817136
2.23563,1.447727261,0.000819647
2.24078,1.44761032,0.000822016
2.24595,1.447492094,0.000824248
2.25113,1.447372544,0.000826349
2.25632,1.44725163,0.000828327
2.26152,1.447129311,0.000830192
2.26673,1.447005543,0.000831955
2.27196,1.446880282,0.000833627
2.27719,1.446753484,0.000835225
2.28244,1.4466251,0.000836765
2.2877,1.446495083,0.000838267
2.29298,1.446363385,0.000839754
2.29826,1.446229957,0.000841251
2.30356,1.44609475,0.000842786
2.30887,1.445957714,0.000844391
2.31419,1.445818803,0.000846101
2.31953,1.445677966,0.000847954
2.32488,1.445535159,0.00084999
2.33024,1.445390338,0.000852254
2.33561,1.445243461,0.000854792
2.34099,1.445094487,0.000857653
2.34639,1.444943383,0.000860889
2.3518,1.444790115,0.000864552
2.35722,1.444634655,0.000868695
2.36265,1.44447698,0.000873372
2.3681,1.444317071,0.000878634
2.37356,1.444154915,0.000884533
2.37903,1.4439905,0.000891114
2.38451,1.443823821,0.000898422
2.39001,1.443654878,0.000906495
2.39552,1.443483671,0.000915362
2.40104,1.443310206,0.000925048
2.40658,1.443134489,0.000935566
2.41213,1.442956524,0.00094692
2.41769,1.442776315,0.000959103
2.42326,1.442593864,0.000972095
2.42885,1.442409164,0.000985863
2.43444,1.442222204,0.00100036
2.44006,1.442032959,0.001015526
2.44568,1.441841395,0.001031287
2.45132,1.441647457,0.001047555
2.45697,1.441451077,0.001064228
2.46263,1.44125216,0.001081193
2.46831,1.44105059,0.001098326
2.474,1.440846219,0.001115492
2.4797,1.440638872,0.001132551
2.48542,1.440428336,0.001149355
2.49115,1.440214364,0.001165755
2.49689,1.439996664,0.001181599
2.50265,1.439774905,0.001196742
2.50842,1.439548707,0.00121104
2.5142,1.43931764,0.001224363
2.52,1.43908122,0.001236588
2.52581,1.438838906,0.001247614
2.53163,1.438590095,0.001257357
2.53746,1.438334113,0.001265759
2.54331,1.43807021,0.001272794
2.54918,1.437797554,0.001278476
2.55505,1.437515216,0.001282873
2.56094,1.437222165,0.001286125
2.56685,1.436917259,0.001288467
2.57276,1.436599258,0.00129026
2.57869,1.436266828,0.001292024
2.58464,1.435918589,0.00129446
2.5906,1.435553161,0.001298455
2.59657,1.435169223,0.00130505
2.60255,1.434765562,0.001315355
2.60855,1.43434107,0.001330417
2.61457,1.43389465,0.001351045
2.62059,1.433425015,0.001377648
2.62664,1.432930329,0.001410128
2.63269,1.43240773,0.001447903
2.63876,1.431852756,0.001490125
2.64484,1.431258694,0.00153611
2.65094,1.430615866,0.001586044
2.65705,1.429910742,0.001642074
2.66318,1.429124852,0.001710204
2.66932,1.428233737,0.001803806
2.67547,1.427207301,0.001949827
2.68164,1.426014628,0.002197909
2.68782,1.424637732,0.00262947
2.69401,1.423096732,0.003358428
2.70022,1.421480734,0.004511345
2.70645,1.419965961,0.006179729
2.71269,1.418795482,0.00835557
2.71894,1.418207583,0.010885285
2.72521,1.41833482,0.013484535
2.73149,1.419130191,0.01582787
2.73779,1.420374884,0.017673921
2.7441,1.421772601,0.018952855
2.75043,1.423074897,0.019763661
2.75677,1.424162482,0.02029099
2.76312,1.425044556,0.020702178
2.76949,1.425796585,0.021086164
2.77587,1.426489514,0.021455021
2.78227,1.427152503,0.021784971
2.78869,1.427776777,0.022058356
2.79512,1.428341145,0.022282254
2.80156,1.428835121,0.022483004
2.80802,1.429267289,0.022689959
2.81449,1.429660156,0.022921977
2.82098,1.43003945,0.023182783
2.82748,1.430425164,0.023464137
2.834,1.430827715,0.023752487
2.84053,1.431248826,0.024035039
2.84708,1.431684929,0.024303173
2.85364,1.432130859,0.024553062
2.86022,1.432582437,0.024784457
2.86682,1.433037564,0.024998821
2.87342,1.43349613,0.025197695
2.88005,1.433959241,0.025381727
2.88669,1.434428335,0.025550369
2.89334,1.434904467,0.025702074
2.90001,1.435387928,0.025834732
2.9067,1.435878171,0.025946126
2.9134,1.436373946,0.026034268
2.92011,1.436873536,0.02609758
2.92685,1.437374973,0.026134924
2.93359,1.437876169,0.026145537
2.94036,1.438374993,0.026128953
2.94713,1.438869254,0.026084945
2.95393,1.439356648,0.026013538
2.96074,1.439834763,0.025915067
2.96756,1.440301097,0.025790282
2.9744,1.440753179,0.025640436
2.98126,1.441188712,0.025467333
2.98813,1.441605791,0.025273302
2.99502,1.442003069,0.025061081
3.00193,1.442379907,0.024833631
3.00885,1.442736431,0.024593893
3.01578,1.443073484,0.024344539
3.02273,1.443392513,0.024087754
3.0297,1.443695365,0.023825065
3.03669,1.44398404,0.023557271
3.04369,1.444260454,0.023284453
3.0507,1.444526204,0.023006065
3.05774,1.444782421,0.022721096
3.06478,1.445029645,0.022428267
3.07185,1.445267823,0.022126238
3.07893,1.445496336,0.021813797
3.08603,1.4457141,0.021490028
3.09314,1.445919703,0.021154409
3.10027,1.446111547,0.020806881
3.10742,1.446288004,0.020447856
3.11458,1.446447548,0.020078178
3.12176,1.44658886,0.019699062
3.12896,1.446710924,0.019312004
3.13617,1.446813051,0.018918678
3.1434,1.446894915,0.018520842
3.15065,1.446956526,0.018120238
3.15791,1.446998214,0.017718514
3.16519,1.447020561,0.017317161
3.17249,1.447024356,0.016917464
3.1798,1.44701052,0.016520479
3.18713,1.446980049,0.01612702
3.19448,1.446933943,0.015737675
3.20184,1.446873161,0.01535282
3.20922,1.446798577,0.014972658
3.21662,1.446710947,0.014597257
3.22404,1.446610895,0.014226592
3.23147,1.446498904,0.013860591
3.23892,1.446375324,0.013499175
3.24638,1.446240389,0.013142293
3.25387,1.446094236,0.012789946
3.26137,1.445936936,0.01244221
3.26889,1.445768512,0.012099241
3.27642,1.445588977,0.011761277
3.28398,1.445398339,0.011428632
3.29155,1.445196619,0.011101682
3.29913,1.444983861,0.010780852
3.30674,1.444760088,0.010466599
3.31436,1.444525277,0.010159385
3.322,1.444279216,0.009859668
3.32966,1.444021155,0.009567899
3.33734,1.443748733,0.009284922
3.34503,1.443455815,0.009015343
3.35274,1.443137151,0.008779217
3.36047,1.442821789,0.00861292
3.36822,1.442592856,0.008498673
3.37598,1.442467628,0.008311656
3.38376,1.442307258,0.007988984
3.39156,1.442012797,0.007646369
3.39938,1.441648203,0.007395204
3.40722,1.44131036,0.007231861
3.41507,1.441043901,0.007095517
3.42294,1.440834291,0.006918906
3.43084,1.440620357,0.006674841
3.43874,1.440351439,0.006397621
3.44667,1.440030203,0.006137232
3.45462,1.439688069,0.005911384
3.46258,1.439345556,0.005710268
3.47056,1.439005083,0.005521379
3.47856,1.438660595,0.005339766
3.48658,1.438302952,0.005172675
3.49462,1.437944316,0.005048291
3.50268,1.437649588,0.004950305
3.51075,1.43739674,0.004775908
3.51884,1.437071027,0.004553029
3.52695,1.436696298,0.004373952
3.53509,1.436327291,0.004229355
3.54323,1.435966756,0.00409588
3.5514,1.4356092,0.003968433
3.55959,1.435252666,0.003846288
3.56779,1.434896482,0.003729035
3.57602,1.434540275,0.003616319
3.58426,1.434183771,0.003507853
3.59253,1.433826744,0.003403429
3.60081,1.433468997,0.003302919
3.60911,1.433110379,0.003206263
3.61743,1.432750781,0.003113462
3.62577,1.432390164,0.003024549
3.63413,1.432028538,0.002939578
3.6425,1.431665972,0.002858596
3.6509,1.4313026,0.002781633
3.65932,1.430938577,0.002708684
3.66775,1.430574084,0.002639702
3.67621,1.430209325,0.002574592
3.68468,1.429844487,0.002513212
3.69317,1.429479736,0.002455379
3.70169,1.429115216,0.002400869
3.71022,1.428751024,0.002349435
3.71877,1.428387225,0.002300813
3.72735,1.428023815,0.002254736
3.73594,1.427660767,0.002210944
3.74455,1.427297994,0.002169195
3.75318,1.426935389,0.002129276
3.76184,1.426572809,0.002091006
3.77051,1.426210085,0.002054243
3.7792,1.425847058,0.002018883
3.78791,1.425483551,0.001984863
3.79664,1.425119405,0.001952156
3.8054,1.424754477,0.001920766
3.81417,1.424388636,0.001890724
3.82296,1.424021793,0.001862077
3.83177,1.423653874,0.001834886
3.84061,1.423284839,0.001809215
3.84946,1.422914662,0.001785128
3.85833,1.422543357,0.001762679
3.86723,1.422170939,0.001741912
3.87614,1.421797456,0.001722854
3.88508,1.421422953,0.001705515
3.89404,1.421047488,0.001689887
3.90301,1.420671108,0.001675946
3.91201,1.420293865,0.001663651
3.92103,1.419915804,0.001652944
3.93007,1.419536959,0.001643761
3.93913,1.419157343,0.001636025
3.94821,1.418776971,0.001629657
3.95731,1.418395835,0.001624574
3.96643,1.418013918,0.001620695
3.97557,1.417631194,0.001617941
3.98474,1.417247617,0.001616241
3.99392,1.416863139,0.001615528
4.00313,1.416477707,0.001615745
4.01236,1.416091256,0.001616845
4.02161,1.415703727,0.00161879
4.03088,1.415315048,0.001621551
4.04017,1.414925155,0.001625108
4.04949,1.414533986,0.001629451
4.05882,1.414141483,0.001634575
4.06818,1.413747585,0.001640484
4.07756,1.413352246,0.001647184
4.08696,1.412955414,0.001654687
4.09638,1.412557044,0.001663005
4.10582,1.412157104,0.001672152
4.11528,1.411755549,0.00168214
4.12477,1.411352345,0.001692978
4.13428,1.410947451,0.001704672
4.14381,1.410540814,0.001717222
4.15336,1.410132371,0.00173062
4.16294,1.409722027,0.001744852
4.17253,1.409309648,0.001759894
4.18215,1.408895016,0.001775714
4.19179,1.408477797,0.001792269
4.20146,1.408057414,0.001809505
4.21114,1.407632871,0.001827363
4.22085,1.407202162,0.001845771
4.23058,1.406760508,0.00186475
4.24033,1.40629265,0.001888098
4.25011,1.405766588,0.001964886
4.2599,1.405286755,0.002237418
4.26972,1.405174026,0.002505883
4.27957,1.40509947,0.00231802
4.28943,1.404645592,0.002061398
4.29932,1.404106893,0.002007195
4.30923,1.403623966,0.002019896
4.31917,1.403167791,0.002038145
4.32912,1.402720606,0.002055995
4.3391,1.402276796,0.002073186
4.3491,1.401834011,0.002089648
4.35913,1.401390977,0.00210532
4.36918,1.400946895,0.002120153
4.37925,1.400501235,0.002134115
4.38935,1.400053564,0.002147186
4.39946,1.399603532,0.00215936
4.40961,1.399150859,0.002170646
4.41977,1.398695275,0.002181068
4.42996,1.398236557,0.002190664
4.44017,1.397774491,0.002199482
4.45041,1.397308877,0.002207583
4.46067,1.396839527,0.002215039
4.47095,1.396366287,0.002221929
4.48126,1.395888997,0.002228339
4.49159,1.395407515,0.002234361
4.50194,1.394921693,0.00224009
4.51232,1.394431432,0.002245626
4.52272,1.393936593,0.002251066
4.53315,1.393437082,0.00225651
4.5436,1.392932782,0.002262056
4.55407,1.392423595,0.0022678
4.56457,1.391909413,0.002273839
4.57509,1.39139014,0.002280266
4.58564,1.390865665,0.002287179
4.59621,1.390335852,0.002294674
4.60681,1.38980059,0.002302855
4.61743,1.389259743,0.002311833
4.62807,1.388713154,0.002321732
4.63874,1.388160643,0.002332693
4.64943,1.38760206,0.002344881
4.66015,1.387037193,0.002358493
4.67089,1.386465868,0.002373758
4.68166,1.385887862,0.002390953
4.69245,1.385302994,0.002410405
4.70327,1.384711073,0.002432496
4.71411,1.384111961,0.002457672
4.72498,1.383505528,0.002486441
4.73587,1.382891707,0.002519378
4.74679,1.382270536,0.002557119
4.75773,1.381642089,0.002600354
4.7687,1.38100659,0.002649814
4.77969,1.380364413,0.002706258
4.79071,1.379716026,0.002770446
4.80175,1.379062073,0.002843113
4.81282,1.378403376,0.002924935
4.82392,1.377740929,0.003016497
4.83504,1.377075848,0.003118249
4.84618,1.376409423,0.003230469
4.85736,1.375743028,0.003353226
4.86855,1.375078147,0.003486344
4.87978,1.374416271,0.003629373
4.89102,1.373758894,0.003781577
4.9023,1.373107388,0.003941919
4.9136,1.372463027,0.004109072
4.92493,1.371826816,0.00428144
4.93628,1.371199508,0.004457193
4.94766,1.370581566,0.004634323
4.95907,1.369973,0.004810706
4.9705,1.369373474,0.004984181
4.98196,1.368782191,0.005152639
4.99344,1.368197956,0.005314114
5.00495,1.36761917,0.005466869
5.01649,1.367043909,0.00560949
5.02805,1.36646996,0.005740958
5.03964,1.365894916,0.005860709
5.05126,1.365316283,0.00596868
5.06291,1.364731575,0.006065325
5.07458,1.364138468,0.006151616
5.08628,1.363534855,0.006229004
5.098,1.362918975,0.006299371
5.10975,1.362289543,0.006364946
5.12153,1.361645757,0.006428206
5.13334,1.360987408,0.006491761
5.14517,1.360314848,0.006558226
5.15703,1.359629084,0.006630093
5.16892,1.358931591,0.006709598
5.18084,1.358224446,0.006798601
5.19278,1.357510048,0.006898481
5.20475,1.356791158,0.00701005
5.21675,1.356070688,0.00713349
5.22877,1.355351621,0.007268322
5.24083,1.354636806,0.007413401
5.25291,1.353928864,0.00756695
5.26502,1.35323005,0.00772661
5.27716,1.352542094,0.007889536
5.28932,1.351866197,0.008052496
5.30151,1.351202844,0.008212003
5.31373,1.350551885,0.008364455
5.32598,1.349912379,0.008506278
5.33826,1.349282757,0.008634067
5.35057,1.348660767,0.008744724
5.3629,1.348043629,0.008835578
5.37526,1.347428056,0.008904487
5.38766,1.346810388,0.008949914
5.40008,1.346186773,0.008970982
5.41252,1.345553253,0.0089675
5.425,1.344905871,0.008939955
5.43751,1.344240893,0.008889488
5.45004,1.343554772,0.008817841
5.46261,1.342844432,0.008727281
5.4752,1.342107149,0.008620519
5.48782,1.341340798,0.008500602
5.50047,1.340543765,0.008370811
5.51315,1.339715039,0.008234554
5.52586,1.338854102,0.008095262
5.5386,1.337961098,0.007956285
5.55137,1.33703654,0.007820809
5.56416,1.336081477,0.00769178
5.57699,1.335097296,0.007571838
5.58985,1.334085739,0.007463274
5.60273,1.333048721,0.007367996
5.61565,1.331988377,0.007287514
5.62859,1.33090689,0.007222937
5.64157,1.329806506,0.007174979
5.65457,1.328689373,0.007143983
5.66761,1.327557539,0.007129946
5.68067,1.326412969,0.007132555
5.69377,1.325257343,0.007151225
5.70689,1.324092158,0.007185143
5.72005,1.322918677,0.007233311
5.73324,1.321737847,0.007294593
5.74645,1.320550317,0.007367762
5.7597,1.319356453,0.007451555
5.77298,1.318156249,0.007544725
5.78629,1.316949365,0.007646115
5.79962,1.315735112,0.007754732
5.81299,1.314512467,0.007869845
5.82639,1.313280119,0.007991101
5.83983,1.312036478,0.008118652
5.85329,1.31077983,0.008253289
5.86678,1.309508525,0.008396566
5.88031,1.308221227,0.008550877
5.89386,1.306917235,0.008719461
5.90745,1.30559679,0.00890629
5.92107,1.304261537,0.009115789
5.93471,1.302914725,0.009352391
5.9484,1.301561351,0.009619911
5.96211,1.300208124,0.009920816
5.97585,1.298862733,0.01025552
5.98963,1.297533003,0.010621924
6.00344,1.29622571,0.01101551
6.01728,1.294945207,0.011430295
6.03115,1.293692662,0.011860793
6.04505,1.292467368,0.012304604
6.05898,1.29126945,0.012764469
6.07295,1.290105429,0.013247856
6.08695,1.288993323,0.013762159
6.10098,1.287964619,0.014305182
6.11505,1.287058694,0.014853691
6.12914,1.286308317,0.015356074
6.14327,1.285720121,0.015735802
6.15744,1.285258682,0.015908609
6.17163,1.28484384,0.015809036
6.18586,1.284365627,0.015415403
6.20012,1.283712968,0.014761325
6.21441,1.282803706,0.013927862
6.22874,1.281603969,0.01301991
6.24309,1.280129715,0.01213756
6.25749,1.278433105,0.011353951
6.27191,1.27658122,0.010706206
6.28637,1.274637208,0.010199023
6.30086,1.272648893,0.009815681
6.31539,1.270645566,0.009530208
6.32994,1.268641008,0.009316485
6.34454,1.26663868,0.009153012
6.35916,1.264636401,0.009024142
6.37382,1.262629888,0.008919347
6.38851,1.260614423,0.008831855
6.40324,1.258585672,0.00875739
6.418,1.25653996,0.008693268
6.4328,1.254474109,0.008637837
6.44763,1.252385467,0.008590125
6.46249,1.250271695,0.008549637
6.47739,1.248130861,0.008516211
6.49232,1.24596126,0.008489919
6.50729,1.243761561,0.008470991
6.52229,1.241530502,0.008459756
6.53732,1.239267019,0.008456605
6.55239,1.236970314,0.008461954
6.5675,1.234639478,0.008476228
6.58264,1.232274012,0.008499843
6.59781,1.229873117,0.008533198
6.61302,1.227436371,0.008576665
6.62827,1.224963232,0.008630587
6.64354,1.222453188,0.008695273
6.65886,1.219905793,0.008770998
6.67421,1.217320588,0.008857996
6.6896,1.214697201,0.008956461
6.70502,1.212035063,0.009066548
6.72047,1.209333806,0.009188367
6.73597,1.206592869,0.009321983
6.75149,1.203811805,0.009467417
6.76706,1.200990111,0.009624644
6.78266,1.198127091,0.00979359
6.79829,1.195222229,0.009974135
6.81396,1.192274859,0.01016611
6.82967,1.1892842,0.010369297
6.84542,1.186249481,0.010583431
6.8612,1.183169841,0.010808196
6.87701,1.180044268,0.011043231
6.89287,1.17687177,0.011288127
6.90876,1.173651208,0.011542427
6.92468,1.170381371,0.011805633
6.94065,1.167060952,0.012077198
6.95665,1.163688239,0.012356543
6.97268,1.160261838,0.01264304
6.98876,1.156779883,0.012936032
7.00487,1.153240547,0.013234825
7.02101,1.149641583,0.013538697
7.0372,1.145980847,0.013846898
7.05342,1.142255836,0.014158656
7.06968,1.138463949,0.014473182
7.08598,1.134602285,0.014789672
7.10231,1.130667641,0.015107316
7.11869,1.126656676,0.0154253
7.1351,1.122565937,0.015742812
7.15154,1.118391182,0.016059056
7.16803,1.114128423,0.01637325
7.18455,1.109772953,0.016684642
7.20112,1.105319993,0.016992513
7.21772,1.100764079,0.017296199
7.23436,1.096099533,0.017595096
7.25103,1.091320037,0.01788868
7.26775,1.086419051,0.018176523
7.2845,1.081389269,0.018458325
7.30129,1.076222829,0.018733932
7.31813,1.070911333,0.01900338
7.335,1.065445481,0.019266934
7.3519,1.059815322,0.019525138
7.36885,1.054010189,0.019778878
7.38584,1.048018177,0.020029463
7.40287,1.041826618,0.020278709
7.41993,1.035421695,0.020529053
7.43704,1.028788417,0.020783679
7.45418,1.021910642,0.021046672
7.47136,1.014770814,0.021323201
7.48859,1.007349608,0.021619733
7.50585,0.999626833,0.021944259
7.52315,0.991580266,0.022306601
7.5405,0.983186322,0.022718714
7.55788,0.974419615,0.023195064
7.5753,0.965253249,0.023753041
7.59276,0.955658704,0.024413425
7.61027,0.945606107,0.025200908
7.62781,0.935064313,0.026144681
7.64539,0.924000695,0.027279088
7.66302,0.912382577,0.028644315
7.68068,0.900176324,0.030287217
7.69839,0.887349077,0.032262148
7.71614,0.873868723,0.034631933
7.73392,0.859705435,0.037468878
7.75175,0.844832562,0.040855902
7.76962,0.829228498,0.04488771
7.78753,0.812878778,0.049672026
7.80548,0.795778159,0.055330864
7.82348,0.777935406,0.062001561
7.84151,0.759376993,0.069837633
7.85959,0.740152915,0.079008927
7.87771,0.720344894,0.089700455
7.89587,0.700075246,0.102109118
7.91407,0.679517913,0.116436792
7.93231,0.658910139,0.132877893
7.9506,0.638562497,0.151599301
7.96893,0.618862689,0.172711312
7.9873,0.600266625,0.196230896
8.00571,0.583269024,0.222044134
8.02417,0.568351791,0.249880709
8.04266,0.555916308,0.279316821
8.0612,0.546221096,0.309814429
8.07979,0.539346674,0.340789171
8.09841,0.535199736,0.371684074
8.11708,0.533549444,0.402026055
8.13579,0.534077173,0.431454812
8.15455,0.536424152,0.459726234
8.17335,0.540226817,0.486701178
8.19219,0.545140092,0.51232805
8.21107,0.550851596,0.536624644
8.23,0.55708855,0.559663232
8.24897,0.563622707,0.581556706
8.26799,0.570272734,0.602446947
8.28705,0.576906051,0.622493042
8.30615,0.583437986,0.641860706
8.3253,0.589830606,0.660709567
8.34449,0.596087024,0.679182515
8.36373,0.602243382,0.697395248
8.38301,0.608357591,0.715428403
8.40233,0.614495112,0.733324299
8.4217,0.620714515,0.751087911
8.44112,0.627054089,0.768693306
8.46057,0.633520827,0.786095983
8.48008,0.640085953,0.803246698
8.49963,0.646685455,0.82010766
8.51922,0.653227234,0.83666661
8.53886,0.659603381,0.852946889
8.55854,0.665705475,0.869011925
8.57827,0.671440297,0.884963288
8.59805,0.676743717,0.900931777
8.61787,0.681589494,0.917063722
8.63773,0.685991274,0.933504462
8.65765,0.689997112,0.950381787
8.6776,0.693676484,0.967793296
8.69761,0.697101773,0.985800699
8.71766,0.700327683,1.004432864
8.73776,0.703372335,1.023698677
8.7579,0.706203814,1.043609328
8.77809,0.708736724,1.064206273
8.79832,0.710839596,1.085593817
8.8186,0.712357069,1.10796835
8.83893,0.713144212,1.131643672
8.85931,0.713113952,1.157064302
8.87973,0.712294134,1.1848027
8.9002,0.710889338,1.215535523
8.92072,0.709340329,1.249994284
8.94128,0.708371363,1.288887917
8.9619,0.709012281,1.332800666
8.98255,0.712583108,1.382072136
9.00326,0.720630304,1.43667308
9.02402,0.734808338,1.49609767
9.04482,0.756709012,1.559298761
9.06567,0.787655462,1.624692791
9.08657,0.82849332,1.690256543
9.10751,0.879426353,1.753716845
9.12851,0.939943991,1.812809738
9.14955,1.008872145,1.865557363
9.17064,1.0845464,1.910496167
9.19179,1.165068995,1.946797254
9.21297,1.248580791,1.974253047
9.23421,1.333476887,1.993142041
9.2555,1.418513313,2.004028415
9.27684,1.502797083,2.007566035
9.29822,1.585692822,2.004368147
9.31966,1.666705716,1.994964882
9.34114,1.745394803,1.979832022
9.36267,1.821343138,1.959449354
9.38426,1.894179689,1.93434536
9.40589,1.963625842,1.905104369
9.42757,2.029535032,1.87233646
9.4493,2.091907174,1.836623862
9.47109,2.150871124,1.798466144
9.49292,2.206642307,1.758240442
9.5148,2.259468691,1.716184889
9.53674,2.30957726,1.672406508
9.55872,2.357130507,1.626908655
9.58076,2.402200443,1.579628858
9.60284,2.444758058,1.530481551
9.62498,2.484679595,1.479396792
9.64717,2.521763712,1.426351937
9.66941,2.55575638,1.371393011
9.6917,2.586378169,1.314645942
9.71404,2.613351399,1.256317978
9.73643,2.636423855,1.19669157
9.75888,2.655387652,1.136112801
9.78137,2.670092975,1.074976379
9.80392,2.680456137,1.013709356
9.82652,2.686463707,0.952754568
9.84918,2.688171325,0.892555684
9.87188,2.685700757,0.8335435
9.89464,2.679234489,0.776124441
9.91745,2.66900788,0.720671553
9.94031,2.6553009,0.667517419
9.96322,2.638430379,0.61694883
9.98619,2.618740729,0.569203611
10.0092,2.596595669,0.524468789
10.0323,2.572369954,0.482880175
10.0554,2.546442003,0.44452303
10.0786,2.519186515,0.409433832
10.1018,2.490968448,0.377602772
10.1251,2.46213678,0.34897712
10.1485,2.433019776,0.323465096
10.1718,2.403920536,0.300940315
10.1953,2.375113505,0.281246628
10.2188,2.346841623,0.264203278
10.2424,2.319314679,0.249610203
10.266,2.292708322,0.237253422
10.2896,2.267163539,0.226910383
10.3134,2.242787511,0.218355049
10.3371,2.219655035,0.211362654
10.361,2.197810795,0.205713994
10.3848,2.1772712,0.201199239
10.4088,2.158028628,0.197620929
10.4328,2.140053374,0.194796522
10.4568,2.123298375,0.192560016
10.4809,2.107701893,0.190763086
10.5051,2.093191364,0.18927549
10.5293,2.079685966,0.187985024
10.5536,2.067100308,0.186796898
10.5779,2.055345891,0.185632924
10.6023,2.04433408,0.184430267
10.6267,2.033977841,0.183140101
10.6512,2.024192375,0.181726241
10.6758,2.014896824,0.180163623
10.7004,2.006015173,0.178436849
10.7251,1.997476116,0.17653888
10.7498,1.989213647,0.174469737
10.7746,1.981167346,0.172235332
10.7994,1.97328216,0.16984645
10.8243,1.96550851,0.167317836
10.8493,1.957801459,0.164667468
10.8743,1.950120746,0.161915886
10.8993,1.94243102,0.159085608
10.9245,1.934700729,0.156200774
10.9496,1.926902021,0.153286792
10.9749,1.919010954,0.150370058
11.0002,1.911006191,0.147477876
11.0255,1.902870075,0.144638253
11.051,1.894586955,0.141879981
11.0764,1.886144201,0.139232558
11.102,1.877531661,0.136726267
11.1276,1.868742057,0.134392228
11.1532,1.859769612,0.132262582
11.1789,1.850611914,0.130370458
11.2047,1.841268981,0.12875013
11.2305,1.8317444,0.127437004
11.2564,1.822044166,0.126467722
11.2824,1.812178854,0.125879985
11.3084,1.802162439,0.125712525
11.3344,1.79201398,0.126004785
11.3606,1.781757842,0.126796593
11.3868,1.77142338,0.128127732
11.413,1.761046572,0.130037233
11.4393,1.750669928,0.132562626
11.4657,1.740342599,0.135739007
11.4921,1.730121383,0.139597869
11.5186,1.720069808,0.144165911
11.5452,1.710259187,0.149463542
11.5718,1.700766861,0.155503494
11.5984,1.691677191,0.16228913
11.6252,1.683078166,0.169813116
11.652,1.67506267,0.17805574
11.6788,1.667723909,0.186983936
11.7058,1.661155535,0.196550104
11.7328,1.655448027,0.206691681
11.7598,1.650685207,0.217331195
11.7869,1.646943664,0.228376514
11.8141,1.644287541,0.239722298
11.8413,1.642768363,0.251251437
11.8686,1.642419886,0.262837814
11.896,1.643258541,0.274348827
11.9234,1.645282356,0.285648534
11.9509,1.648469257,0.296601228
11.9784,1.65277787,0.307074722
12.006,1.658148672,0.316943527
12.0337,1.664505398,0.326091757
12.0615,1.671757082,0.334415593
12.0893,1.679800438,0.341825241
12.1171,1.688522469,0.348246337
12.1451,1.697803159,0.35362083
12.1731,1.70751815,0.357907347
12.2011,1.717541296,0.361081104
12.2293,1.727747036,0.363133438
12.2574,1.738012539,0.364071004
12.2857,1.748219589,0.363914735
12.314,1.758256203,0.362698596
12.3424,1.768017973,0.360468225
12.3709,1.777409157,0.357279472
12.3994,1.78634351,0.353196906
12.428,1.794744895,0.348292302
12.4566,1.80254767,0.342643155
12.4853,1.80969689,0.336331225
12.5141,1.816148326,0.329441139
12.543,1.821868328,0.322059067
12.5719,1.826833547,0.314271477
12.6009,1.831030535,0.306163984
12.6299,1.834455234,0.297820294
12.659,1.837112369,0.289321257
12.6882,1.839014776,0.280744026
12.7174,1.84018265,0.272161328
12.7468,1.840642756,0.263640847
12.7761,1.840427602,0.25524473
12.8056,1.839574591,0.247029192
12.8351,1.838125166,0.239044247
12.8647,1.836123955,0.231333535
12.8944,1.833617941,0.223934263
12.9241,1.83065565,0.216877238
12.9539,1.82728639,0.210186989
12.9837,1.823559524,0.203881983
13.0137,1.819523812,0.197974902
13.0437,1.815226805,0.192472999
13.0737,1.81071432,0.187378493
13.1039,1.806029974,0.182689022
13.1341,1.801214806,0.178398121
13.1644,1.796306966,0.174495722
13.1947,1.791341488,0.170968666
13.2251,1.78635013,0.167801217
13.2556,1.781361287,0.164975564
13.2862,1.776399967,0.162472302
13.3168,1.771487833,0.160270897
13.3475,1.766643287,0.158350108
13.3783,1.761881605,0.156688376
13.4091,1.757215113,0.155264176
13.44,1.752653386,0.154056315
13.471,1.74820347,0.153044199
13.5021,1.743870124,0.152208046
13.5332,1.73965606,0.151529056
13.5644,1.735562196,0.15098955
13.5956,1.731587896,0.150573056
13.627,1.727731204,0.150264375
13.6584,1.72398907,0.150049608
13.6899,1.720357556,0.149916157
13.7214,1.716832027,0.149852708
13.7531,1.713407328,0.149849189
13.7848,1.71007793,0.149896721
13.8166,1.706838076,0.14998755
13.8484,1.70368189,0.150114978
13.8803,1.700603481,0.150273283
13.9123,1.697597024,0.150457639
13.9444,1.694656831,0.15066404
13.9765,1.691777406,0.150889213
14.0088,1.688953482,0.15113055
14.0411,1.68618006,0.151386025
14.0734,1.683452427,0.151654131
14.1059,1.680766172,0.151933814
14.1384,1.678117195,0.15222441
14.171,1.675501709,0.152525596
14.2036,1.672916238,0.152837332
14.2364,1.67035761,0.153159825
14.2692,1.667822956,0.153493479
14.3021,1.66530969,0.153838866
14.3351,1.662815507,0.15419669
14.3681,1.660338365,0.154567761
14.4012,1.657876474,0.154952967
14.4344,1.655428284,0.15535325
14.4677,1.652992468,0.155769592
14.5011,1.650567915,0.156202993
14.5345,1.648153711,0.156654456
14.568,1.645749129,0.157124975
14.6016,1.643353618,0.15761552
14.6352,1.640966788,0.158127031
14.669,1.638588404,0.158660403
14.7028,1.636218366,0.159216481
14.7367,1.633856708,0.159796052
14.7707,1.631503581,0.160399837
14.8047,1.629159245,0.161028485
14.8388,1.626824058,0.161682569
14.873,1.62449847,0.162362581
14.9073,1.622183008,0.163068926
14.9417,1.619878269,0.163801918
14.9761,1.617584914,0.16456178
15.0107,1.615303651,0.165348638
15.0453,1.613035236,0.166162519
15.0799,1.610780455,0.167003352
15.1147,1.608540119,0.167870961
15.1496,1.606315057,0.168765071
15.1845,1.604106102,0.169685301
15.2195,1.601914089,0.170631167
15.2546,1.59973984,0.171602084
15.2897,1.597584159,0.172597363
15.325,1.595447821,0.173616214
15.3603,1.593331569,0.174657751
15.3957,1.591236099,0.175720988
15.4312,1.589162056,0.176804848
15.4668,1.587110027,0.177908162
15.5024,1.585080529,0.179029674
15.5382,1.583074008,0.180168047
15.574,1.581090826,0.181321863
15.6099,1.579131258,0.182489634
15.6459,1.577195484,0.183669803
15.6819,1.575283585,0.184860752
15.7181,1.573395533,0.186060805
15.7543,1.571531191,0.187268241
15.7906,1.569690305,0.188481292
15.827,1.567872501,0.189698158
15.8635,1.56607728,0.190917011
15.9001,1.564304014,0.192136001
15.9368,1.562551947,0.193353265
15.9735,1.560820187,0.194566938
16.0103,1.559107707,0.195775155
16.0472,1.557413344,0.196976064
16.0842,1.555735796,0.198167831
16.1213,1.554073624,0.19934865
16.1585,1.552425248,0.200516749
16.1957,1.550788952,0.2016704
16.233,1.549162881,0.202807925
16.2705,1.547545044,0.203927705
16.308,1.545933313,0.205028187
16.3456,1.544325431,0.206107889
16.3832,1.542719006,0.207165413
16.421,1.541111519,0.208199445
16.4589,1.539500327,0.209208765
16.4968,1.537882662,0.210192255
16.5348,1.536255635,0.211148901
16.573,1.534616245,0.212077802
16.6112,1.532961374,0.212978174
16.6494,1.531287796,0.213849354
16.6878,1.529592177,0.214690811
16.7263,1.527871083,0.215502141
16.7649,1.526120977,0.216283082
16.8035,1.524338229,0.217033509
16.8422,1.522519114,0.217753446
16.8811,1.520659816,0.218443065
16.92,1.518756434,0.219102693
16.959,1.516804978,0.219732811
16.9981,1.514801379,0.220334066
17.0373,1.512741486,0.220907269
17.0765,1.510621067,0.221453398
17.1159,1.508435815,0.22197361
17.1554,1.506181342,0.222469235
17.1949,1.503853189,0.222941791
17.2345,1.501446816,0.223392983
17.2743,1.498957609,0.223824708
17.3141,1.496380879,0.224239067
17.354,1.493711858,0.224638368
17.394,1.490945702,0.225025135
17.4341,1.488077485,0.225402113
17.4743,1.485102205,0.225772286
17.5146,1.482014775,0.226138877
17.555,1.478810026,0.226505369
17.5954,1.475482707,0.226875514
17.636,1.472027478,0.227253347
17.6766,1.468438916,0.227643202
17.7174,1.464711508,0.228049734
17.7582,1.460839657,0.228477932
17.7992,1.456817679,0.228933145
17.8402,1.452639806,0.229421105
17.8813,1.448300189,0.229947949
17.9226,1.4437929,0.230520249
17.9639,1.43911194,0.231145045
18.0053,1.434251249,0.23182987
18.0468,1.429204708,0.232582791
18.0884,1.423966159,0.233412444
18.1301,1.418529416,0.234328075
18.1719,1.412888285,0.235339582
18.2138,1.407036586,0.236457559
18.2558,1.400968178,0.237693349
18.2978,1.394676992,0.239059091
18.34,1.388157067,0.240567776
18.3823,1.381402591,0.242233304
18.4247,1.374407953,0.244070542
18.4671,1.367167801,0.246095391
18.5097,1.359677102,0.248324844
18.5524,1.351931226,0.250777059
18.5952,1.343926026,0.253471427
18.638,1.335657941,0.256428639
18.681,1.32712411,0.259670761
18.7241,1.318322498,0.263221305
18.7672,1.309252044,0.267105294
18.8105,1.299912831,0.271349338
18.8538,1.290306274,0.275981685
18.8973,1.280435336,0.281032284
18.9409,1.270304771,0.286532825
18.9845,1.259921403,0.292516765
19.0283,1.249294428,0.299019333
19.0722,1.23843577,0.30607751
19.1161,1.227360457,0.313729966
19.1602,1.216087051,0.322016949
19.2044,1.204638106,0.330980114
19.2486,1.19304067,0.340662276
19.293,1.181326805,0.35110706
19.3375,1.169534127,0.362358454
19.3821,1.157706341,0.37446021
19.4267,1.145893741,0.387455113
19.4715,1.134153648,0.401384073
19.5164,1.122550737,0.416285057
19.5614,1.111157197,0.432191846
19.6065,1.100052673,0.449132654
19.6517,1.089323922,0.467128637
19.697,1.079064139,0.486192364
19.7424,1.069371904,0.506326337
19.7879,1.060349754,0.527521662
19.8335,1.052102383,0.549756989
19.8792,1.044734562,0.57299784
19.9251,1.038348864,0.597196421
19.971,1.03304335,0.622291955
20.017,1.028909372,0.648211567
20.0632,1.026029646,0.674871643
20.1094,1.024476727,0.702179579
20.1558,1.024311968,0.73003576
20.2023,1.025584983,0.758335627
20.2488,1.028333605,0.78697168
20.2955,1.032584245,0.815835286
20.3423,1.038352566,0.844818219
20.3892,1.045644361,0.873813886
20.4362,1.054456522,0.902718233
20.4833,1.064778017,0.931430367
20.5305,1.076590806,0.95985293
20.5778,1.089870651,0.987892281
20.6253,1.104587803,1.015458553
20.6728,1.120707552,1.042465628
20.7205,1.138190658,1.068831069
20.7682,1.156993677,1.094476053
20.8161,1.177069195,1.119325325
20.8641,1.198366005,1.143307187
20.9122,1.220829236,1.166353531
20.9604,1.244400465,1.188399916
21.0087,1.269017824,1.209385699
21.0572,1.294616115,1.22925419
21.1057,1.321126948,1.247952859
21.1544,1.348478905,1.265433543
21.2031,1.376597748,1.281652691
21.252,1.405406657,1.296571595
21.301,1.434826515,1.310156623
21.3501,1.464776225,1.322379444
21.3993,1.495173075,1.33321722
21.4486,1.525933129,1.342652782
21.4981,1.556971654,1.35067476
21.5476,1.588203566,1.35727768
21.5973,1.619543902,1.362462017
21.6471,1.650908299,1.366234194
21.697,1.682213485,1.36860654
21.747,1.713377766,1.369597194
21.7972,1.744321509,1.369229953
21.8474,1.774967609,1.367534082
21.8978,1.80524194,1.364544064
21.9482,1.83507378,1.360299311
21.9988,1.864396203,1.354843832
22.0496,1.893146439,1.348225861
22.1004,1.921266193,1.340497449
22.1513,1.948701917,1.331714031
22.2024,1.975405041,1.321933969
22.2536,2.001332153,1.31121807
22.3049,2.026445127,1.299629101
22.3563,2.050711199,1.287231289
22.4078,2.074102997,1.274089829
22.4595,2.096598513,1.260270388
22.5113,2.118181034,1.245838627
22.5632,2.138839014,1.230859737
22.6152,2.158565913,1.215397996
22.6673,2.177359992,1.199516352
22.7196,2.195224058,1.183276041
22.7719,2.212165198,1.166736229
22.8244,2.228194462,1.149953706
22.877,2.243326535,1.132982603
22.9298,2.257579387,1.115874164
22.9826,2.27097391,1.098676558
23.0356,2.283533541,1.081434723
23.0887,2.295283893,1.064190274
23.1419,2.306252375,1.046981431
23.1953,2.31646783,1.029843002
23.2488,2.325960174,1.012806402
23.3024,2.334760063,0.995899703
23.3561,2.342898563,0.979147725
23.4099,2.350406859,0.962572146
23.4639,2.357315976,0.946191651
23.518,2.363656533,0.930022092
23.5722,2.369458526,0.91407667
23.6265,2.374751136,0.898366132
23.681,2.379562572,0.882898977
23.7356,2.38391994,0.867681665
23.7903,2.387849143,0.852718833
23.8451,2.391374804,0.838013504
23.9001,2.394520223,0.823567296
23.9552,2.397307348,0.80938062
24.0104,2.399756781,0.795452871
24.0658,2.401887786,0.781782606
24.1213,2.403718333,0.768367706
24.1769,2.405265139,0.755205528
24.2326,2.406543735,0.742293035
24.2885,2.407568532,0.729626923
24.3444,2.408352897,0.717203712
24.4006,2.408909239,0.705019842
24.4568,2.409249086,0.693071742
24.5132,2.409383174,0.681355886
24.5697,2.409321525,0.669868841
24.6263,2.409073532,0.658607298
24.6831,2.408648031,0.64756809
24.74,2.408053374,0.636748212
24.797,2.407297498,0.626144815
24.8542,2.406387978,0.615755212
24.9115,2.405332088,0.60557686
24.9689,2.404136843,0.595607352
25.0265,2.402809045,0.585844398
25.0842,2.40135531,0.576285802
25.142,2.399782104,0.566929446
25.2,2.398095761,0.557773263
25.2581,2.396302504,0.548815218
25.3163,2.394408453,0.540053282
25.3746,2.392419637,0.531485417
25.4331,2.390341998,0.523109554
25.4918,2.388181389,0.514923573
25.5505,2.385943576,0.506925293
25.6094,2.383634234,0.499112455
25.6685,2.381258936,0.491482715
25.7276,2.378823151,0.48403363
25.7869,2.376332235,0.476762658
25.8464,2.373791418,0.46966715
25.906,2.371205799,0.462744349
25.9657,2.368580336,0.455991391
26.0255,2.365919835,0.449405307
26.0855,2.363228943,0.442983024
26.1457,2.360512138,0.436721377
26.2059,2.357773724,0.430617104
26.2664,2.355017824,0.424666866
26.3269,2.352248374,0.418867247
26.3876,2.349469119,0.413214765
26.4484,2.34668361,0.407705883
26.5094,2.343895201,0.40233702
26.5705,2.341107046,0.397104556
26.6318,2.338322105,0.39200485
26.6932,2.335543136,0.387034245
26.7547,2.332772705,0.38218908
26.8164,2.330013183,0.377465699
26.8782,2.327266752,0.372860464
26.9401,2.324535407,0.368369759
27.0022,2.321820966,0.363990004
27.0645,2.319125068,0.35971766
27.1269,2.316449186,0.355549239
27.1894,2.313794627,0.351481309
27.2521,2.311162545,0.347510503
27.3149,2.308553945,0.343633522
27.3779,2.305969689,0.339847143
27.441,2.303410508,0.336148223
27.5043,2.300877004,0.332533702
27.5677,2.298369663,0.329000606
27.6312,2.29588886,0.325546054
27.6949,2.293434866,0.322167255
27.7587,2.29100786,0.318861512
27.8227,2.28860793,0.315626225
27.8869,2.286235085,0.312458889
27.9512,2.283889261,0.309357093
28.0156,2.281570329,0.306318526
28.0802,2.279278098,0.30334097
28.1449,2.277012327,0.300422302
28.2098,2.274772724,0.297560492
28.2748,2.27255896,0.294753601
28.34,2.270370668,0.291999782
28.4053,2.268207452,0.289297275
28.4708,2.266068889,0.286644403
28.5364,2.263954537,0.284039574
28.6022,2.261863937,0.281481277
28.6682,2.259796617,0.278968078
28.7342,2.257752097,0.276498617
28.8005,2.255729891,0.274071605
28.8669,2.253729511,0.271685825
28.9334,2.251750471,0.269340123
29.0001,2.249792285,0.267033409
29.067,2.247854475,0.264764652
29.134,2.245936569,0.262532879
29.2011,2.244038107,0.260337168
29.2685,2.242158635,0.258176652
29.3359,2.240297717,0.256050508
29.4036,2.238454926,0.25395796
29.4713,2.236629851,0.251898274
29.5393,2.234822096,0.249870755
29.6074,2.233031281,0.247874745
29.6756,2.231257043,0.245909622
29.744,2.229499034,0.243974793
29.8126,2.227756923,0.242069698
29.8813,2.226030399,0.240193803
29.9502,2.224319163,0.238346599
30.0193,2.222622938,0.2365276
30.0885,2.220941459,0.234736343
30.1578,2.21927448,0.232972383
30.2273,2.217621772,0.231235294
30.297,2.215983118,0.229524666
30.3669,2.214358319,0.227840103
30.4369,2.212747191,0.226181224
30.507,2.211149562,0.224547658
30.5774,2.209565275,0.222939045
30.6478,2.207994185,0.221355037
30.7185,2.206436161,0.219795291
30.7893,2.204891082,0.218259475
30.8603,2.203358838,0.216747261
30.9314,2.201839332,0.215258328
31.0027,2.200332473,0.213792361
31.0742,2.198838181,0.212349047
31.1458,2.197356386,0.21092808
31.2176,2.195887022,0.209529154
31.2896,2.194430034,0.208151968
31.3617,2.192985372,0.206796222
31.434,2.191552991,0.205461619
31.5065,2.190132853,0.204147864
31.5791,2.188724923,0.202854662
31.6519,2.187329174,0.201581718
31.7249,2.185945577,0.200328742
31.798,2.184574112,0.19909544
31.8713,2.183214758,0.197881522
31.9448,2.181867497,0.196686697
32.0184,2.180532314,0.195510674
32.0922,2.179209195,0.194353162
32.1662,2.177898126,0.193213873
32.2404,2.176599095,0.192092517
32.3147,2.175312089,0.190988804
32.3892,2.174037096,0.189902445
32.4638,2.172774103,0.188833152
32.5387,2.171523098,0.187780637
32.6137,2.170284065,0.186744612
32.6889,2.16905699,0.18572479
32.7642,2.167841856,0.184720885
32.8398,2.166638644,0.183732612
32.9155,2.165447335,0.182759685
32.9913,2.164267907,0.181801823
33.0674,2.163100335,0.180858741
33.1436,2.161944594,0.179930159
33.22,2.160800655,0.179015798
33.2966,2.159668487,0.178115379
33.3734,2.158548056,0.177228625
33.4503,2.157439328,0.176355263
33.5274,2.156342262,0.175495018
33.6047,2.155256818,0.17464762
33.6822,2.154182951,0.173812801
33.7598,2.153120615,0.172990293
33.8376,2.15206976,0.172179833
33.9156,2.151030334,0.171381159
33.9938,2.150002282,0.170594012
34.0722,2.148985545,0.169818135
34.1507,2.147980063,0.169053275
34.2294,2.146985772,0.168299181
34.3084,2.146002608,0.167555605
34.3874,2.1450305,0.166822302
34.4667,2.144069379,0.166099031
34.5462,2.143119169,0.165385554
34.6258,2.142179795,0.164681634
34.7056,2.141251178,0.163987041
34.7856,2.140333238,0.163301546
34.8658,2.139425891,0.162624924
34.9462,2.138529051,0.161956954
35.0268,2.137642632,0.161297417
35.1075,2.136766542,0.1606461
35.1884,2.135900692,0.160002792
35.2695,2.135044987,0.159367285
35.3509,2.134199331,0.158739378
35.4323,2.133363629,0.158118869
35.514,2.132537781,0.157505564
35.5959,2.131721687,0.15689927
35.6779,2.130915246,0.156299799
35.7602,2.130118353,0.155706966
35.8426,2.129330905,0.155120591
35.9253,2.128552796,0.154540497
36.0081,2.127783919,0.15396651
36.0911,2.127024165,0.153398462
36.1743,2.126273427,0.152836186
36.2577,2.125531595,0.15227952
36.3413,2.124798556,0.151728307
36.425,2.124074201,0.151182392
36.509,2.123358416,0.150641624
36.5932,2.122651089,0.150105856
36.6775,2.121952107,0.149574944
36.7621,2.121261355,0.149048749
36.8468,2.12057872,0.148527135
36.9317,2.119904086,0.148009967
37.0169,2.119237339,0.147497118
37.1022,2.118578363,0.146988462
37.1877,2.117927043,0.146483876
37.2735,2.117283264,0.145983242
37.3594,2.116646909,0.145486444
37.4455,2.116017864,0.144993369
37.5318,2.115396013,0.14450391
37.6184,2.11478124,0.144017961
37.7051,2.114173429,0.143535418
37.792,2.113572466,0.143056185
37.8791,2.112978236,0.142580163
37.9664,2.112390624,0.142107261
38.054,2.111809516,0.141637389
38.1417,2.111234797,0.14117046
38.2296,2.110666354,0.14070639
38.3177,2.110104073,0.1402451
38.4061,2.109547843,0.13978651
38.4946,2.108997549,0.139330546
38.5833,2.10845308,0.138877137
38.6723,2.107914326,0.138426212
38.7614,2.107381175,0.137977706
38.8508,2.106853517,0.137531554
38.9404,2.106331242,0.137087697
39.0301,2.105814242,0.136646075
39.1201,2.105302408,0.136206633
39.2103,2.104795633,0.135769318
39.3007,2.104293809,0.135334079
39.3913,2.10379683,0.13490087
39.4821,2.103304592,0.134469644
39.5731,2.102816989,0.13404036
39.6643,2.102333918,0.133612976
39.7557,2.101855275,0.133187455
39.8474,2.101380958,0.132763761
39.9392,2.100910866,0.132341863
40.0313,2.100444899,0.131921729
40.1236,2.099982956,0.131503331
40.2161,2.09952494,0.131086644
40.3088,2.099070753,0.130671644
40.4017,2.098620297,0.13025831
40.4949,2.098173478,0.129846624
40.5882,2.0977302,0.129436569
40.6818,2.09729037,0.129028131
40.7756,2.096853896,0.128621298
40.8696,2.096420686,0.128216061
40.9638,2.095990649,0.127812412
41.0582,2.095563697,0.127410347
41.1528,2.095139741,0.127009862
41.2477,2.094718696,0.126610957
41.3428,2.094300475,0.126213633
41.4381,2.093884995,0.125817894
41.5336,2.093472172,0.125423746
41.6294,2.093061926,0.125031198
41.7253,2.092654176,0.124640258
41.8215,2.092248845,0.12425094
41.9179,2.091845854,0.123863258
42.0146,2.091445129,0.123477229
42.1114,2.091046597,0.12309287
42.2085,2.090650184,0.122710203
42.3058,2.09025582,0.122329251
42.4033,2.089863437,0.121950037
42.5011,2.089472968,0.121572589
42.599,2.089084349,0.121196935
42.6972,2.088697515,0.120823106
42.7957,2.088312406,0.120451134
42.8943,2.087928963,0.120081053
42.9932,2.087547129,0.1197129
43.0923,2.087166849,0.119346712
43.1917,2.086788071,0.118982528
43.2912,2.086410745,0.118620391
43.391,2.086034822,0.118260342
43.491,2.085660257,0.117902427
43.5913,2.085287007,0.117546692
43.6918,2.084915032,0.117193184
43.7925,2.084544292,0.116841951
43.8935,2.084174754,0.116493045
43.9946,2.083806385,0.116146517
44.0961,2.083439154,0.11580242
44.1977,2.083073035,0.115460807
44.2996,2.082708003,0.115121734
44.4017,2.082344038,0.114785257
44.5041,2.08198112,0.114451433
44.6067,2.081619236,0.114120318
44.7095,2.081258372,0.113791973
44.8126,2.08089852,0.113466455
44.9159,2.080539673,0.113143824
45.0194,2.080181831,0.112824141
45.1232,2.079824992,0.112507466
45.2272,2.079469161,0.112193858
45.3315,2.079114345,0.111883379
45.436,2.078760556,0.111576088
45.5407,2.078407806,0.111272047
45.6457,2.078056113,0.110971316
45.7509,2.077705498,0.110673953
45.8564,2.077355985,0.110380019
45.9621,2.077007602,0.110089571
46.0681,2.076660379,0.109802667
46.1743,2.076314352,0.109519364
46.2807,2.075969558,0.109239718
46.3874,2.075626037,0.108963783
46.4943,2.075283836,0.108691613
46.6015,2.074943,0.108423258
46.7089,2.074603582,0.108158769
46.8166,2.074265637,0.107898195
46.9245,2.07392922,0.107641581
47.0327,2.073594395,0.107388972
47.1411,2.073261223,0.107140411
47.2498,2.072929772,0.106895936
47.3587,2.072600112,0.106655587
47.4679,2.072272315,0.106419397
47.5773,2.071946458,0.106187398
47.687,2.071622617,0.105959621
47.7969,2.071300874,0.105736092
47.9071,2.070981312,0.105516833
48.0175,2.070664017,0.105301865
48.1282,2.070349077,0.105091206
48.2392,2.070036581,0.104884867
48.3504,2.069726621,0.10468286
48.4618,2.069419293,0.10448519
48.5736,2.06911469,0.104291859
48.6855,2.068812911,0.104102867
48.7978,2.068514055,0.103918209
48.9102,2.06821822,0.103737874
49.023,2.067925509,0.10356185
49.136,2.067636024,0.103390119
49.2493,2.067349867,0.103222659
49.3628,2.067067142,0.103059445
49.4766,2.066787953,0.102900446
49.5907,2.066512405,0.102745627
49.705,2.066240601,0.10259495
49.8196,2.065972647,0.102448372
49.9344,2.065708647,0.102305843
50.0495,2.065448704,0.102167313
50.1649,2.06519292,0.102032724
50.2805,2.0649414,0.101902015
50.3964,2.064694243,0.10177512
50.5126,2.06445155,0.101651971
50.6291,2.064213419,0.101532491
50.7458,2.063979948,0.101416603
50.8628,2.063751232,0.101304224
50.98,2.063527364,0.101195267
51.0975,2.063308436,0.10108964
51.2153,2.063094537,0.100987247
51.3334,2.062885754,0.10088799
51.4517,2.06268217,0.100791764
51.5703,2.062483867,0.100698464
51.6892,2.062290922,0.100607977
51.8084,2.062103411,0.10052019
51.9278,2.061921405,0.100434984
52.0475,2.061744974,0.100352238
52.1675,2.061574181,0.100271827
52.2877,2.061409087,0.100193623
52.4083,2.06124975,0.100117497
52.5291,2.061096222,0.100043314
52.6502,2.060948553,0.099970937
52.7716,2.060806788,0.09990023
52.8932,2.060670966,0.09983105
53.0151,2.060541123,0.099763254
53.1373,2.060417292,0.099696698
53.2598,2.060299499,0.099631234
53.3826,2.060187765,0.099566713
53.5057,2.060082109,0.099502987
53.629,2.059982542,0.099439903
53.7526,2.059889073,0.09937731
53.8766,2.059801703,0.099315054
54.0008,2.059720431,0.099252981
54.1252,2.059645249,0.099190937
54.25,2.059576144,0.099128769
54.3751,2.0595131,0.09906632
54.5004,2.059456094,0.099003437
54.6261,2.059405098,0.098939965
54.752,2.05936008,0.098875752
54.8782,2.059321002,0.098810643
55.0047,2.059287823,0.098744487
55.1315,2.059260494,0.098677133
55.2586,2.059238963,0.098608431
55.386,2.059223173,0.098538234
55.5137,2.059213062,0.098466394
55.6416,2.059208564,0.098392767
55.7699,2.059209608,0.09831721
55.8985,2.059216117,0.098239583
56.0273,2.059228012,0.098159748
56.1565,2.059245209,0.098077569
56.2859,2.059267617,0.097992914
56.4157,2.059295145,0.097905651
56.5457,2.059327696,0.097815654
56.6761,2.059365169,0.0977228
56.8067,2.059407459,0.097626966
56.9377,2.059454458,0.097528037
57.0689,2.059506054,0.097425897
57.2005,2.059562133,0.097320438
57.3324,2.059622576,0.097211552
57.4645,2.059687262,0.097099137
57.597,2.059756067,0.096983094
57.7298,2.059828863,0.09686333
57.8629,2.059905521,0.096739752
57.9962,2.05998591,0.096612275
58.1299,2.060069894,0.096480818
58.2639,2.060157338,0.096345302
58.3983,2.060248103,0.096205654
58.5329,2.060342049,0.096061805
58.6678,2.060439034,0.095913692
58.8031,2.060538916,0.095761254
58.9386,2.06064155,0.095604436
59.0745,2.06074679,0.095443188
59.2107,2.06085449,0.095277463
59.3471,2.060964503,0.09510722
59.484,2.061076681,0.094932423
59.6211,2.061190876,0.094753038
59.7585,2.061306939,0.094569039
59.8963,2.061424722,0.094380402
60.0344,2.061544076,0.094187109
60.1728,2.061664853,0.093989146
60.3115,2.061786905,0.093786503
60.4505,2.061910085,0.093579174
60.5898,2.062034245,0.093367161
60.7295,2.06215924,0.093150465
60.8695,2.062284925,0.092929095
61.0098,2.062411156,0.092703063
61.1505,2.06253779,0.092472386
61.2914,2.062664686,0.092237083
61.4327,2.062791705,0.091997179
61.5744,2.062918707,0.091752702
61.7163,2.063045556,0.091503684
61.8586,2.063172119,0.091250162
62.0012,2.063298262,0.090992174
62.1441,2.063423854,0.090729764
62.2874,2.063548768,0.090462979
62.4309,2.063672876,0.090191868
62.5749,2.063796056,0.089916484
62.7191,2.063918186,0.089636884
62.8637,2.064039147,0.089353127
63.0086,2.064158823,0.089065275
63.1539,2.0642771,0.088773395
63.2994,2.064393867,0.088477553
63.4454,2.064509017,0.08817782
63.5916,2.064622445,0.087874269
63.7382,2.064734048,0.087566976
63.8851,2.064843726,0.087256018
64.0324,2.064951385,0.086941475
64.18,2.065056931,0.086623429
64.328,2.065160273,0.086301964
64.4763,2.065261324,0.085977165
64.6249,2.065360002,0.085649119
64.7739,2.065456225,0.085317915
64.9232,2.065549916,0.084983644
65.0729,2.065641001,0.084646397
65.2229,2.065729408,0.084306267
65.3732,2.06581507,0.083963348
65.5239,2.065897923,0.083617734
65.675,2.065977905,0.083269523
65.8264,2.066054958,0.082918809
65.9781,2.066129026,0.082565691
66.1302,2.066200059,0.082210267
66.2827,2.066268008,0.081852634
66.4354,2.066332827,0.081492891
66.5886,2.066394474,0.081131138
66.7421,2.06645291,0.080767474
66.896,2.066508098,0.080401998
67.0502,2.066560006,0.080034808
67.2047,2.066608603,0.079666005
67.3597,2.066653863,0.079295686
67.5149,2.066695761,0.078923951
67.6706,2.066734276,0.078550898
67.8266,2.066769389,0.078176625
67.9829,2.066801085,0.077801228
68.1396,2.06682935,0.077424805
68.2967,2.066854176,0.077047452
68.4542,2.066875553,0.076669263
68.612,2.066893478,0.076290334
68.7701,2.066907947,0.075910757
68.9287,2.066918961,0.075530626
69.0876,2.066926522,0.075150032
69.2468,2.066930634,0.074769065
69.4065,2.066931306,0.074387816
69.5665,2.066928547,0.074006371
69.7268,2.066922367,0.073624819
69.8876,2.066912781,0.073243245
70.0487,2.066899804,0.072861733
70.2101,2.066883454,0.072480368
70.372,2.066863751,0.072099229
70.5342,2.066840716,0.071718398
70.6968,2.066814373,0.071337954
70.8598,2.066784747,0.070957974
71.0231,2.066751864,0.070578533
71.1869,2.066715753,0.070199707
71.351,2.066676443,0.069821567
71.5154,2.066633967,0.069444186
71.6803,2.066588356,0.069067632
71.8455,2.066539646,0.068691973
72.0112,2.066487871,0.068317276
72.1772,2.066433068,0.067943605
72.3436,2.066375275,0.067571023
72.5103,2.066314532,0.067199592
72.6775,2.066250878,0.06682937
72.845,2.066184353,0.066460417
73.0129,2.066115001,0.066092788
73.1813,2.066042864,0.065726537
73.35,2.065967986,0.065361717
73.519,2.06589041,0.06499838
73.6885,2.065810183,0.064636574
73.8584,2.06572735,0.064276348
74.0287,2.065641957,0.063917748
74.1993,2.065554051,0.063560818
74.3704,2.065463679,0.0632056
74.5418,2.06537089,0.062852136
74.7136,2.065275732,0.062500466
74.8859,2.065178253,0.062150626
75.0585,2.065078502,0.061802653
75.2315,2.064976528,0.061456582
75.405,2.06487238,0.061112446
75.5788,2.064766109,0.060770276
75.753,2.064657764,0.060430102
75.9276,2.064547394,0.060091953
76.1027,2.064435049,0.059755855
76.2781,2.064320779,0.059421834
76.4539,2.064204633,0.059089914
76.6302,2.064086662,0.058760117
76.8068,2.063966914,0.058432464
76.9839,2.06384544,0.058106976
77.1614,2.063722288,0.057783669
77.3392,2.063597508,0.057462563
77.5175,2.063471148,0.057143671
77.6962,2.063343257,0.056827009
77.8753,2.063213882,0.056512589
78.0548,2.063083073,0.056200424
78.2348,2.062950876,0.055890524
78.4151,2.062817339,0.055582898
78.5959,2.062682508,0.055277556
78.7771,2.062546431,0.054974503
78.9587,2.062409152,0.054673747
79.1407,2.062270718,0.054375292
79.3231,2.062131173,0.054079143
79.506,2.061990563,0.053785301
79.6893,2.06184893,0.053493769
79.873,2.06170632,0.053204549
80.0571,2.061562774,0.052917639
80.2417,2.061418335,0.05263304
80.4266,2.061273045,0.052350749
80.612,2.061126946,0.052070764
80.7979,2.060980077,0.051793082
80.9841,2.06083248,0.051517697
81.1708,2.060684194,0.051244606
81.3579,2.060535257,0.050973802
81.5455,2.060385709,0.050705278
81.7335,2.060235586,0.050439028
81.9219,2.060084925,0.050175044
82.1107,2.059933764,0.049913317
82.3,2.059782138,0.049653837
82.4897,2.059630081,0.049396596
82.6799,2.059477629,0.049141583
82.8705,2.059324815,0.048888787
83.0615,2.059171672,0.048638196
83.253,2.059018233,0.048389798
83.4449,2.05886453,0.048143582
83.6373,2.058710593,0.047899534
83.8301,2.058556454,0.047657641
84.0233,2.058402142,0.047417889
84.217,2.058247686,0.047180264
84.4112,2.058093115,0.046944751
84.6057,2.057938457,0.046711336
84.8008,2.057783739,0.046480004
84.9963,2.057628988,0.046250739
85.1922,2.057474229,0.046023524
85.3886,2.057319488,0.045798345
85.5854,2.05716479,0.045575185
85.7827,2.057010158,0.045354026
85.9805,2.056855617,0.045134853
86.1787,2.056701189,0.044917648
86.3773,2.056546896,0.044702394
86.5765,2.056392759,0.044489073
86.776,2.056238801,0.044277669
86.9761,2.056085041,0.044068163
87.1766,2.055931499,0.043860537
87.3776,2.055778195,0.043654774
87.579,2.055625146,0.043450855
87.7809,2.055472372,0.043248763
87.9832,2.05531989,0.043048478
88.186,2.055167716,0.042849984
88.3893,2.055015868,0.04265326
88.5931,2.054864361,0.04245829
88.7973,2.054713211,0.042265055
89.002,2.054562432,0.042073536
89.2072,2.05441204,0.041883714
89.4128,2.054262047,0.041695572
89.619,2.054112468,0.041509091
89.8255,2.053963315,0.041324252
90.0326,2.053814601,0.041141037
90.2402,2.053666338,0.040959428
90.4482,2.053518537,0.040779407
90.6567,2.053371209,0.040600955
90.8657,2.053224366,0.040424054
91.0751,2.053078017,0.040248686
91.2851,2.052932171,0.040074833
91.4955,2.05278684,0.039902477
91.7064,2.05264203,0.039731601
91.9179,2.052497752,0.039562186
92.1297,2.052354013,0.039394214
92.3421,2.052210821,0.039227669
92.555,2.052068183,0.039062533
92.7684,2.051926107,0.038898789
92.9822,2.051784599,0.038736419
93.1966,2.051643666,0.038575406
93.4114,2.051503314,0.038415734
93.6267,2.051363547,0.038257386
93.8426,2.051224373,0.038100344
94.0589,2.051085796,0.037944594
94.2757,2.05094782,0.037790117
94.493,2.05081045,0.037636898
94.7109,2.050673691,0.037484922
94.9292,2.050537546,0.037334171
95.148,2.050402019,0.037184631
95.3674,2.050267112,0.037036285
95.5872,2.050132831,0.036889119
95.8076,2.049999176,0.036743117
96.0284,2.049866151,0.036598263
96.2498,2.049733758,0.036454544
96.4717,2.049601999,0.036311944
96.6941,2.049470877,0.036170449
96.917,2.049340392,0.036030044
97.1404,2.049210546,0.035890715
97.3643,2.049081341,0.035752448
97.5888,2.048952778,0.035615229
97.8137,2.048824857,0.035479045
98.0392,2.048697579,0.035343881
98.2652,2.048570945,0.035209724
98.4918,2.048444955,0.035076561
98.7188,2.048319609,0.03494438
98.9464,2.048194907,0.034813167
99.1745,2.048070849,0.034682909
99.4031,2.047947435,0.034553594
99.6322,2.047824664,0.03442521
99.8619,2.047702536,0.034297743
100.092,2.047581049,0.034171184
100.323,2.047460204,0.034045519
100.554,2.047339999,0.033920736
100.786,2.047220432,0.033796825
101.018,2.047101504,0.033673773
101.251,2.046983211,0.033551571
101.485,2.046865554,0.033430206
101.718,2.04674853,0.033309667
101.953,2.046632137,0.033189945
102.188,2.046516374,0.033071028
102.424,2.04640124,0.032952907
102.66,2.046286732,0.03283557
102.896,2.046172847,0.032719008
103.134,2.046059585,0.032603211
103.371,2.045946943,0.032488169
103.61,2.045834918,0.032373873
103.848,2.045723508,0.032260313
104.088,2.045612712,0.032147479
104.328,2.045502525,0.032035363
104.568,2.045392947,0.031923955
104.809,2.045283974,0.031813247
105.051,2.045175604,0.03170323
105.293,2.045067834,0.031593895
105.536,2.044960662,0.031485234
105.779,2.044854084,0.031377238
106.023,2.044748097,0.0312699
106.267,2.0446427,0.031163211
106.512,2.044537889,0.031057163
106.758,2.044433661,0.030951749
107.004,2.044330014,0.03084696
107.251,2.044226943,0.03074279
107.498,2.044124447,0.030639231
107.746,2.044022523,0.030536275
107.994,2.043921166,0.030433916
108.243,2.043820374,0.030332146
108.493,2.043720145,0.030230958
108.743,2.043620474,0.030130346
108.993,2.043521359,0.030030303
109.245,2.043422797,0.029930822
109.496,2.043324784,0.029831897
109.749,2.043227317,0.029733521
110.002,2.043130394,0.029635689
110.255,2.04303401,0.029538393
110.51,2.042938163,0.029441628
110.764,2.042842849,0.029345389
111.02,2.042748066,0.029249668
111.276,2.04265381,0.029154461
111.532,2.042560078,0.029059762
111.789,2.042466866,0.028965565
112.047,2.042374172,0.028871864
112.305,2.042281992,0.028778655
112.564,2.042190323,0.028685932
112.824,2.042099162,0.028593689
113.084,2.042008505,0.028501923
113.344,2.04191835,0.028410627
113.606,2.041828693,0.028319796
113.868,2.041739531,0.028229427
114.13,2.04165086,0.028139514
114.393,2.041562679,0.028050052
114.657,2.041474983,0.027961037
114.921,2.041387769,0.027872465
115.186,2.041301035,0.02778433
115.452,2.041214777,0.027696629
115.718,2.041128991,0.027609357
115.984,2.041043676,0.02752251
116.252,2.040958828,0.027436084
116.52,2.040874443,0.027350074
116.788,2.040790519,0.027264477
117.058,2.040707052,0.027179289
117.328,2.040624041,0.027094505
117.598,2.04054148,0.027010123
117.869,2.040459369,0.026926137
118.141,2.040377703,0.026842545
118.413,2.04029648,0.026759343
118.686,2.040215696,0.026676528
118.96,2.040135349,0.026594095
119.234,2.040055436,0.026512041
119.509,2.039975955,0.026430363
119.784,2.039896901,0.026349057
120.06,2.039818272,0.026268121
120.337,2.039740066,0.026187551
120.615,2.039662279,0.026107343
120.893,2.03958491,0.026027495
121.171,2.039507954,0.025948003
121.451,2.039431409,0.025868865
121.731,2.039355273,0.025790078
122.011,2.039279543,0.025711637
122.293,2.039204216,0.025633542
122.574,2.039129289,0.025555788
122.857,2.03905476,0.025478373
123.14,2.038980626,0.025401294
123.424,2.038906884,0.025324549
123.709,2.038833532,0.025248134
123.994,2.038760567,0.025172047
124.28,2.038687987,0.025096286
124.566,2.038615789,0.025020848
124.853,2.038543971,0.02494573
125.141,2.03847253,0.02487093
